sample_name	mtx_study_accession	mtx_run_accession	mgx_study_accession	mgx_run_accession	sample_type
C_2_1	PRJNA406858	SRR6032600	PRJNA406858	SRR6032602	activated_sludge
B_2_1	PRJNA406858	SRR6032604	PRJNA406858	SRR6032601	activated_sludge
E_2_1	PRJNA406858	SRR6032605	PRJNA406858	SRR6032603	activated_sludge
rumen_microbiome_of_beef_cattle_101	PRJNA448333	SRR8416057	PRJNA448333	SRR8397906	cattle_rumen
rumen_microbiome_of_beef_cattle_103	PRJNA448333	SRR8416058	PRJNA448333	SRR8404214	cattle_rumen
rumen_microbiome_of_beef_cattle_104	PRJNA448333	SRR8416055	PRJNA448333	SRR8397905	cattle_rumen
rumen_microbiome_of_beef_cattle_105	PRJNA448333	SRR8416056	PRJNA448333	SRR8397904	cattle_rumen
rumen_microbiome_of_beef_cattle_106	PRJNA448333	SRR8416061	PRJNA448333	SRR8397903	cattle_rumen
rumen_microbiome_of_beef_cattle_107	PRJNA448333	SRR8416062	PRJNA448333	SRR8397910	cattle_rumen
rumen_microbiome_of_beef_cattle_112	PRJNA448333	SRR8416059	PRJNA448333	SRR8397909	cattle_rumen
rumen_microbiome_of_beef_cattle_201	PRJNA448333	SRR8416060	PRJNA448333	SRR8397908	cattle_rumen
rumen_microbiome_of_beef_cattle_202	PRJNA448333	SRR8416064	PRJNA448333	SRR8397907	cattle_rumen
rumen_microbiome_of_beef_cattle_203	PRJNA448333	SRR8416065	PRJNA448333	SRR8397902	cattle_rumen
rumen_microbiome_of_beef_cattle_205	PRJNA448333	SRR8416069	PRJNA448333	SRR8397901	cattle_rumen
rumen_microbiome_of_beef_cattle_206	PRJNA448333	SRR8416070	PRJNA448333	SRR8397884	cattle_rumen
rumen_microbiome_of_beef_cattle_207	PRJNA448333	SRR8416067	PRJNA448333	SRR8397883	cattle_rumen
rumen_microbiome_of_beef_cattle_208	PRJNA448333	SRR8416068	PRJNA448333	SRR8397886	cattle_rumen
rumen_microbiome_of_beef_cattle_209	PRJNA448333	SRR8416073	PRJNA448333	SRR8397885	cattle_rumen
rumen_microbiome_of_beef_cattle_210	PRJNA448333	SRR8416074	PRJNA448333	SRR8397888	cattle_rumen
rumen_microbiome_of_beef_cattle_301	PRJNA448333	SRR8416071	PRJNA448333	SRR8397887	cattle_rumen
rumen_microbiome_of_beef_cattle_302	PRJNA448333	SRR8416072	PRJNA448333	SRR8397890	cattle_rumen
rumen_microbiome_of_beef_cattle_303	PRJNA448333	SRR8416075	PRJNA448333	SRR8397889	cattle_rumen
rumen_microbiome_of_beef_cattle_304	PRJNA448333	SRR8416076	PRJNA448333	SRR8397882	cattle_rumen
rumen_microbiome_of_beef_cattle_305	PRJNA448333	SRR8416092	PRJNA448333	SRR8397881	cattle_rumen
rumen_microbiome_of_beef_cattle_307	PRJNA448333	SRR8416091	PRJNA448333	SRR8397917	cattle_rumen
rumen_microbiome_of_beef_cattle_308	PRJNA448333	SRR8416090	PRJNA448333	SRR8397918	cattle_rumen
rumen_microbiome_of_beef_cattle_401	PRJNA448333	SRR8416089	PRJNA448333	SRR8397919	cattle_rumen
rumen_microbiome_of_beef_cattle_402	PRJNA448333	SRR8416096	PRJNA448333	SRR8397920	cattle_rumen
rumen_microbiome_of_beef_cattle_403	PRJNA448333	SRR8416095	PRJNA448333	SRR8397913	cattle_rumen
rumen_microbiome_of_beef_cattle_404	PRJNA448333	SRR8416094	PRJNA448333	SRR8397914	cattle_rumen
rumen_microbiome_of_beef_cattle_407	PRJNA448333	SRR8416093	PRJNA448333	SRR8397915	cattle_rumen
rumen_microbiome_of_beef_cattle_501	PRJNA448333	SRR8416088	PRJNA448333	SRR8397916	cattle_rumen
rumen_microbiome_of_beef_cattle_503	PRJNA448333	SRR8416087	PRJNA448333	SRR8397911	cattle_rumen
rumen_microbiome_of_beef_cattle_505	PRJNA448333	SRR8416102	PRJNA448333	SRR8397912	cattle_rumen
rumen_microbiome_of_beef_cattle_506	PRJNA448333	SRR8416083	PRJNA448333	SRR8397894	cattle_rumen
rumen_microbiome_of_beef_cattle_601	PRJNA448333	SRR8416063	PRJNA448333	SRR8397893	cattle_rumen
rumen_microbiome_of_beef_cattle_604	PRJNA448333	SRR8416066	PRJNA448333	SRR8397892	cattle_rumen
rumen_microbiome_of_beef_cattle_608	PRJNA448333	SRR8416097	PRJNA448333	SRR8397891	cattle_rumen
rumen_microbiome_of_beef_cattle_611	PRJNA448333	SRR8416098	PRJNA448333	SRR8397898	cattle_rumen
rumen_microbiome_of_beef_cattle_612	PRJNA448333	SRR8416099	PRJNA448333	SRR8397897	cattle_rumen
rumen_microbiome_of_beef_cattle_701	PRJNA448333	SRR8416100	PRJNA448333	SRR8397896	cattle_rumen
rumen_microbiome_of_beef_cattle_702	PRJNA448333	SRR8416077	PRJNA448333	SRR8397895	cattle_rumen
rumen_microbiome_of_beef_cattle_703	PRJNA448333	SRR8416078	PRJNA448333	SRR8397900	cattle_rumen
rumen_microbiome_of_beef_cattle_704	PRJNA448333	SRR8416082	PRJNA448333	SRR8397899	cattle_rumen
rumen_microbiome_of_beef_cattle_705	PRJNA448333	SRR8416081	PRJNA448333	SRR8397926	cattle_rumen
rumen_microbiome_of_beef_cattle_706	PRJNA448333	SRR8416086	PRJNA448333	SRR8397927	cattle_rumen
rumen_microbiome_of_beef_cattle_707	PRJNA448333	SRR8416084	PRJNA448333	SRR8397924	cattle_rumen
rumen_microbiome_of_beef_cattle_708	PRJNA448333	SRR8416101	PRJNA448333	SRR8397925	cattle_rumen
rumen_microbiome_of_beef_cattle_709	PRJNA448333	SRR8416085	PRJNA448333	SRR8397922	cattle_rumen
rumen_microbiome_of_beef_cattle_710	PRJNA448333	SRR8416080	PRJNA448333	SRR8397923	cattle_rumen
rumen_microbiome_of_beef_cattle_712	PRJNA448333	SRR8416079	PRJNA448333	SRR8397921	cattle_rumen
HiTCE_2d	PRJNA344005	SRR4308224	PRJNA344005	SRR4308227	groundwater
HiTCEB12_2d	PRJNA344005	SRR4308225	PRJNA344005	SRR4308226	groundwater
CS-Sed16-2cmA	PRJNA453733	SRR7083928	PRJNA453733	SRR7083931	lake
amazon_plume_2_0um_from_station_10	PRJNA237345	SRR1193190	PRJNA237344	SRR1205250	river
amazon_plume_2_0um_from_station_2	PRJNA237345	SRR1193177	PRJNA237344	SRR1182511	river
amazon_plume_2_0um_from_station_23	PRJNA237345	SRR1193237	PRJNA237344	SRR1202089	river
amazon_plume_2_0um_from_station_27	PRJNA237345	SRR1193629	PRJNA237344	SRR1183643	river
amazon_plume_2_0um_from_station_3	PRJNA237345	SRR1193226	PRJNA237344	SRR1199272	river
amazon_plume_0_2_2_0um_from_station_10	PRJNA237345	SRR1186930	PRJNA237344	SRR1199271	river
amazon_plume_0_2_2_0um_from_station_2	PRJNA237345	SRR1193205	PRJNA237344	SRR1182512	river
amazon_plume_0_2_2_0um_from_station_23	PRJNA237345	SRR1193632	PRJNA237344	SRR1186214	river
amazon_plume_0_2_2_0um_from_station_25	PRJNA237345	SRR1204579	PRJNA237344	SRR1202090	river
amazon_plume_0_2_2_0um_from_station_27	PRJNA237345	SRR1193627	PRJNA237344	SRR1183650	river
amazon_plume_0_2_2_0um_from_station_3	PRJNA237345	SRR1193215	PRJNA237344	SRR1185413	river
amazon_river_0_2_2_0um_from_belem	PRJNA237345	SRR1781804	PRJNA237344	SRR1790489	river
amazon_river_0_2_2_0um_from_macapa_north_channel	PRJNA237345	SRR1785209	PRJNA237344	SRR1786279	river
amazon_river_0_2_2_0um_from_macapa_south_channel	PRJNA237345	SRR1784299	PRJNA237344	SRR1787940	river
amazon_river_0_2_2_0um_from_obidos	PRJNA237345	SRR1781945	PRJNA237344	SRR1790676	river
amazon_river_0_2_2_0um_from_tapajos_depth	PRJNA237345	SRR1779221	PRJNA237344	SRR1792674	river
amazon_river_0_2_2_0um_from_tapajos_surface	PRJNA237345	SRR1777513	PRJNA237344	SRR1796116	river
amazon_river_2_0_297um_from_belem	PRJNA237345	SRR1781811	PRJNA237344	SRR1790644	river
amazon_river_2_0_297um_from_macapa_north_channel	PRJNA237345	SRR1785350	PRJNA237344	SRR1786281	river
amazon_river_2_0_297um_from_macapa_south_channel	PRJNA237345	SRR1784304	PRJNA237344	SRR1787943	river
amazon_river_2_0_297um_from_obidos	PRJNA237345	SRR1782579	PRJNA237344	SRR1790678	river
amazon_river_2_0_297um_from_tapajos_depth	PRJNA237345	SRR1781711	PRJNA237344	SRR1792852	river
amazon_river_2_0_297um_from_tapajos_surface	PRJNA237345	SRR1778024	PRJNA237344	SRR1796118	river
26	PRJNA502453	SRR8361532	PRJNA467728	SRR7592711	ocean
58_r	PRJNA502454	SRR8361534	PRJNA467772	SRR7609573	ocean
125_r	PRJNA468332	SRR7962480	PRJNA467773	SRR7609569	ocean
8	PRJNA502455	SRR8297879	PRJNA467724	SRR7592287	ocean
85	PRJNA502456	SRR8297845	PRJNA467765	SRR7609362	ocean
76	PRJNA468305	SRR7949679	PRJNA467757	SRR7608731	ocean
40	PRJNA467774	SRR7609608	PRJNA467736	SRR7595425	ocean
53	PRJNA468299	SRR7609574	PRJNA502421	SRR8361352	ocean
73	PRJNA468306	SRR7949683	PRJNA467754	SRR7608223	ocean
23	PRJNA467775	SRR7609632	PRJNA467727	SRR7633009	ocean
49	PRJNA467776	SRR7609653	PRJNA502442	SRR8361104	ocean
14	PRJNA468308	SRR7949682	PRJNA502410	SRR8360542	ocean
44	PRJNA502457	SRR8361579	PRJNA467738	SRR7600393	ocean
29	PRJNA468309	SRR7949681	PRJNA467730	SRR7593831	ocean
18	PRJNA467777	SRR7609655	PRJNA502413	SRR8360544	ocean
24	PRJNA502458	SRR8361603	PRJNA502440	SRR8360549	ocean
79	PRJNA468143	SRR7609654	PRJNA467760	SRR7609143	ocean
22	PRJNA468300	SRR7609599	PRJNA502414	SRR8360545	ocean
21	PRJNA468310	SRR7949678	PRJNA468208	SRR7592488	ocean
60	PRJNA467778	SRR7609828	PRJNA502425	SRR8361517	ocean
15	PRJNA468144	SRR7609827	PRJNA502411	SRR8360457	ocean
75	PRJNA502459	SRR8361602	PRJNA467756	SRR7608423	ocean
3	PRJNA468311	SRR7949692	PRJNA467722	SRR7592226	ocean
20	PRJNA467779	SRR7609829	PRJNA467726	SRR7592489	ocean
91	PRJNA468312	SRR7949677	PRJNA467769	SRR7609461	ocean
56	PRJNA468152	SRR7615220	PRJNA467743	SRR7601261	ocean
46	PRJNA502460	SRR8297843	PRJNA468213	SRR7600395	ocean
2	PRJNA468313	SRR7609607	PRJNA467721	SRR7592225	ocean
38	PRJNA468301	SRR7609600	PRJNA468211	SRR7594461	ocean
45	PRJNA468314	SRR7962234	PRJNA467739	SRR7600394	ocean
36	PRJNA502461	SRR8361605	PRJNA467733	SRR7594165	ocean
39	PRJNA502462	SRR8297856	PRJNA467735	SRR7594967	ocean
68	PRJNA502463	SRR8361604	PRJNA467751	SRR7608008	ocean
30	PRJNA468315	SRR7962336	PRJNA502416	SRR8361099	ocean
48	PRJNA502464	SRR8361607	PRJNA467741	SRR7600453	ocean
42	PRJNA468316	SRR7962340	PRJNA502418	SRR8361100	ocean
25	PRJNA467780	SRR7609843	PRJNA502415	SRR8361103	ocean
78	PRJNA468317	SRR7962339	PRJNA467759	SRR7608833	ocean
63	PRJNA468318	SRR7962244	PRJNA467746	SRR7601694	ocean
43	PRJNA468302	SRR7815156	PRJNA468212	SRR7600353	ocean
66	PRJNA467781	SRR7609844	PRJNA467749	SRR7607748	ocean
54	PRJNA468319	SRR7962337	PRJNA468214	SRR7601174	ocean
41	PRJNA467782	SRR7609846	PRJNA467737	SRR7599849	ocean
28	PRJNA468320	SRR7962297	PRJNA467729	SRR7592826	ocean
32	PRJNA468321	SRR7962267	PRJNA468210	SRR7594064	ocean
81	PRJNA468145	SRR7610454	PRJNA467762	SRR7609163	ocean
70	PRJNA468322	SRR7962239	PRJNA467752	SRR7608010	ocean
67	PRJNA468323	SRR7962329	PRJNA467750	SRR7607757	ocean
33	PRJNA467783	SRR7610453	PRJNA502417	SRR8361102	ocean
27	PRJNA468331	SRR7962479	PRJNA468209	SRR7593830	ocean
34	PRJNA502465	SRR8297868	PRJNA467732	SRR7594085	ocean
4	PRJNA468146	SRR7610452	PRJNA467723	SRR7592236	ocean
57	PRJNA468147	SRR7610935	PRJNA502423	SRR8361526	ocean
1	PRJNA502466	SRR8361608	PRJNA467720	SRR7592212	ocean
47	PRJNA468148	SRR7610853	PRJNA467740	SRR7600454	ocean
9	PRJNA502467	SRR8297869	PRJNA502408	SRR8360547	ocean
77	PRJNA468324	SRR7962474	PRJNA467758	SRR7608832	ocean
55	PRJNA467784	SRR7610867	PRJNA502422	SRR8361371	ocean
10	PRJNA468325	SRR7962473	PRJNA502409	SRR8360543	ocean
11	PRJNA468326	SRR7962475	PRJNA467725	SRR7592321	ocean
58	PRJNA502468	SRR8297878	PRJNA502424	SRR8361527	ocean
52	PRJNA468327	SRR7962478	PRJNA467742	SRR7600455	ocean
51	PRJNA468149	SRR7611057	PRJNA502420	SRR8361350	ocean
50	PRJNA468328	SRR7962477	PRJNA502419	SRR8361349	ocean
90	PRJNA467785	SRR7611056	PRJNA467768	SRR7609452	ocean
80	PRJNA467786	SRR7611058	PRJNA467761	SRR7609166	ocean
89	PRJNA468150	SRR7611500	PRJNA467766	SRR7609363	ocean
35	PRJNA467787	SRR7612580	PRJNA502441	SRR8361101	ocean
71	PRJNA468329	SRR7962476	PRJNA467753	SRR7608017	ocean
31	PRJNA468151	SRR7611499	PRJNA467731	SRR7593934	ocean
84	PRJNA502451	SRR8393198	PRJNA467764	SRR7609361	ocean
61	PRJNA467788	SRR7615219	PRJNA502426	SRR8361516	ocean
36_r	PRJNA468330	SRR7962481	PRJNA467770	SRR7609462	ocean
82	PRJNA502452	SRR8361531	PRJNA467763	SRR7609344	ocean
sample_106	PRJNA603240	SRR10968230	PRJNA603240	SRR10968263	deadwood
sample_069	PRJNA603240	SRR10968231	PRJNA603240	SRR10968264	deadwood
sample_055	PRJNA603240	SRR10968232	PRJNA603240	SRR10968265	deadwood
sample_049	PRJNA603240	SRR10968233	PRJNA603240	SRR10968266	deadwood
sample_031	PRJNA603240	SRR10968234	PRJNA603240	SRR10968267	deadwood
sample_116	PRJNA603240	SRR10968236	PRJNA603240	SRR10968225	deadwood
sample_110	PRJNA603240	SRR10968237	PRJNA603240	SRR10968226	deadwood
sample_044	PRJNA603240	SRR10968238	PRJNA603240	SRR10968227	deadwood
sample_007	PRJNA603240	SRR10968239	PRJNA603240	SRR10968228	deadwood
sample_006	PRJNA603240	SRR10968240	PRJNA603240	SRR10968229	deadwood
Tag1363-1	PRJNA202380	SRR1138694	PRJNA202380	SRR1267595	sheep_rumen
Tag1111-1	PRJNA202380	SRR1138697	PRJNA202380	SRR1222429	sheep_rumen
Tag1111-2	PRJNA202380	SRR1138702	PRJNA202380	SRR1222431	sheep_rumen
Tag1234-1	PRJNA202380	SRR1206249	PRJNA202380	SRR1206671	sheep_rumen
Tag1494-1	PRJNA202380	SRR873450	PRJNA202380	SRR873595	sheep_rumen
Tag1283-1	PRJNA202380	SRR873451	PRJNA202380	SRR873596	sheep_rumen
Tag1435-1	PRJNA202380	SRR873452	PRJNA202380	SRR873597	sheep_rumen
Tag1494-2	PRJNA202380	SRR873453	PRJNA202380	SRR873598	sheep_rumen
Tag1265-1	PRJNA202380	SRR873454	PRJNA202380	SRR873599	sheep_rumen
Tag1435-2	PRJNA202380	SRR873455	PRJNA202380	SRR873600	sheep_rumen
Tag1283-2	PRJNA202380	SRR873456	PRJNA202380	SRR873601	sheep_rumen
Tag1265-2	PRJNA202380	SRR873457	PRJNA202380	SRR873602	sheep_rumen
Tag1363-2	PRJNA202380	SRR873458	PRJNA202380	SRR873603	sheep_rumen
Tag1174-1	PRJNA202380	SRR873459	PRJNA202380	SRR873604	sheep_rumen
Tag1234-2	PRJNA202380	SRR873460	PRJNA202380	SRR873605	sheep_rumen
Tag1586-1	PRJNA202380	SRR873461	PRJNA202380	SRR873606	sheep_rumen
Tag1586-2	PRJNA202380	SRR873462	PRJNA202380	SRR873607	sheep_rumen
Tag1333-1	PRJNA202380	SRR873463	PRJNA202380	SRR873608	sheep_rumen
Tag1174-2	PRJNA202380	SRR873464	PRJNA202380	SRR873609	sheep_rumen
Tag1333-2	PRJNA202380	SRR873465	PRJNA202380	SRR873610	sheep_rumen
Ahn.Mel47	PRJNA541981	SRR9118109	PRJNA541981	SRR9033724	human_skin
Ahn.Mel44	PRJNA541981	SRR9118110	PRJNA541981	SRR9033723	human_skin
Ahn.Mel46	PRJNA541981	SRR9118111	PRJNA541981	SRR9033725	human_skin
Ahn.Mel42	PRJNA541981	SRR9118112	PRJNA541981	SRR9033716	human_skin
Ahn.Mel43	PRJNA541981	SRR9118113	PRJNA541981	SRR9033715	human_skin
Ahn.Mel37	PRJNA541981	SRR9118114	PRJNA541981	SRR9033753	human_skin
Ahn.Mel38	PRJNA541981	SRR9118115	PRJNA541981	SRR9033754	human_skin
Ahn.Mel34	PRJNA541981	SRR9118116	PRJNA541981	SRR9033749	human_skin
Ahn.Mel35	PRJNA541981	SRR9118117	PRJNA541981	SRR9033750	human_skin
Ahn.Mel28	PRJNA541981	SRR9118118	PRJNA541981	SRR9033748	human_skin
Ahn.Mel32	PRJNA541981	SRR9118119	PRJNA541981	SRR9033752	human_skin
Ahn.Mel19	PRJNA541981	SRR9118120	PRJNA541981	SRR9033727	human_skin
Ahn.Mel26	PRJNA541981	SRR9118121	PRJNA541981	SRR9033720	human_skin
Ahn.Mel10	PRJNA541981	SRR9118122	PRJNA541981	SRR9033737	human_skin
Ahn.Mel13	PRJNA541981	SRR9118123	PRJNA541981	SRR9033742	human_skin
Ahn.Mel01	PRJNA541981	SRR9118124	PRJNA541981	SRR9033738	human_skin
Ahn.Mel04	PRJNA541981	SRR9118125	PRJNA541981	SRR9033719	human_skin
UAB088_W2D1	PRJNA797778	SRR17858151	PRJNA797778	SRR17635672	human_vagina
UAB082_W10D2	PRJNA797778	SRR17858152	PRJNA797778	SRR17635674	human_vagina
UAB082_W5D7	PRJNA797778	SRR17858153	PRJNA797778	SRR17635676	human_vagina
UAB082_W3D7	PRJNA797778	SRR17858154	PRJNA797778	SRR17635677	human_vagina
UAB082_W2D5	PRJNA797778	SRR17858155	PRJNA797778	SRR17635678	human_vagina
UAB079_W10D1	PRJNA797778	SRR17858156	PRJNA797778	SRR17635679	human_vagina
UAB079_W7D6	PRJNA797778	SRR17858157	PRJNA797778	SRR17635680	human_vagina
UAB079_W6D7	PRJNA797778	SRR17858158	PRJNA797778	SRR17635681	human_vagina
UAB079_W3D7	PRJNA797778	SRR17858159	PRJNA797778	SRR17635682	human_vagina
UAB079_W2D2	PRJNA797778	SRR17858160	PRJNA797778	SRR17635683	human_vagina
UAB006_W2D2	PRJNA797778	SRR17858161	PRJNA797778	SRR17635801	human_vagina
UAB077_W9D7	PRJNA797778	SRR17858162	PRJNA797778	SRR17635685	human_vagina
UAB077_W8D2	PRJNA797778	SRR17858163	PRJNA797778	SRR17635686	human_vagina
UAB077_W5D7	PRJNA797778	SRR17858164	PRJNA797778	SRR17635687	human_vagina
UAB077_W3D1	PRJNA797778	SRR17858165	PRJNA797778	SRR17635688	human_vagina
UAB077_W1D7	PRJNA797778	SRR17858166	PRJNA797778	SRR17635689	human_vagina
UAB071_W10D2	PRJNA797778	SRR17858167	PRJNA797778	SRR17635690	human_vagina
UAB071_W7D7	PRJNA797778	SRR17858168	PRJNA797778	SRR17635691	human_vagina
UAB071_W5D7	PRJNA797778	SRR17858169	PRJNA797778	SRR17635692	human_vagina
UAB071_W3D7	PRJNA797778	SRR17858170	PRJNA797778	SRR17635693	human_vagina
UAB071_W1D7	PRJNA797778	SRR17858171	PRJNA797778	SRR17635694	human_vagina
UAB002_W5D7	PRJNA797778	SRR17858172	PRJNA797778	SRR17635804	human_vagina
AYAC02_W9D3	PRJNA797778	SRR17858173	PRJNA797778	SRR17635818	human_vagina
UAB060_W10D2	PRJNA797778	SRR17858174	PRJNA797778	SRR17635696	human_vagina
UAB060_W7D7	PRJNA797778	SRR17858175	PRJNA797778	SRR17635697	human_vagina
UAB060_W5D7	PRJNA797778	SRR17858176	PRJNA797778	SRR17635698	human_vagina
UAB060_W3D7	PRJNA797778	SRR17858177	PRJNA797778	SRR17635763	human_vagina
UAB060_W1D6	PRJNA797778	SRR17858178	PRJNA797778	SRR17635764	human_vagina
UAB052_W10D2	PRJNA797778	SRR17858179	PRJNA797778	SRR17635765	human_vagina
UAB052_W8D3	PRJNA797778	SRR17858180	PRJNA797778	SRR17635766	human_vagina
UAB052_W5D7	PRJNA797778	SRR17858181	PRJNA797778	SRR17635767	human_vagina
UAB052_W4D2	PRJNA797778	SRR17858182	PRJNA797778	SRR17635768	human_vagina
UAB002_W1D4	PRJNA797778	SRR17858183	PRJNA797778	SRR17635806	human_vagina
UAB052_W1D5	PRJNA797778	SRR17858184	PRJNA797778	SRR17635769	human_vagina
UAB048_W9D7	PRJNA797778	SRR17858185	PRJNA797778	SRR17635771	human_vagina
UAB048_W7D7	PRJNA797778	SRR17858186	PRJNA797778	SRR17635772	human_vagina
UAB048_W5D2	PRJNA797778	SRR17858187	PRJNA797778	SRR17635773	human_vagina
UAB048_W3D7	PRJNA797778	SRR17858188	PRJNA797778	SRR17635774	human_vagina
UAB048_W1D7	PRJNA797778	SRR17858189	PRJNA797778	SRR17635775	human_vagina
UAB044_W9D7	PRJNA797778	SRR17858190	PRJNA797778	SRR17635776	human_vagina
UAB044_W7D7	PRJNA797778	SRR17858191	PRJNA797778	SRR17635777	human_vagina
UAB044_W5D7	PRJNA797778	SRR17858192	PRJNA797778	SRR17635778	human_vagina
UAB044_W3D7	PRJNA797778	SRR17858193	PRJNA797778	SRR17635779	human_vagina
AYAC09_W5D7	PRJNA797778	SRR17858194	PRJNA797778	SRR17635747	human_vagina
UAB044_W1D7	PRJNA797778	SRR17858195	PRJNA797778	SRR17635780	human_vagina
UAB028_W9D7	PRJNA797778	SRR17858196	PRJNA797778	SRR17635598	human_vagina
UAB028_W7D7	PRJNA797778	SRR17858197	PRJNA797778	SRR17635599	human_vagina
UAB022_W10D1	PRJNA797778	SRR17858198	PRJNA797778	SRR17635466	human_vagina
UAB022_W6D1	PRJNA797778	SRR17858199	PRJNA797778	SRR17635468	human_vagina
UAB021_W8D3	PRJNA797778	SRR17858200	PRJNA797778	SRR17635471	human_vagina
UAB021_W5D7	PRJNA797778	SRR17858201	PRJNA797778	SRR17635472	human_vagina
UAB015_W10D7	PRJNA797778	SRR17858202	PRJNA797778	SRR17635475	human_vagina
UAB015_W9D4	PRJNA797778	SRR17858203	PRJNA797778	SRR17635477	human_vagina
UAB011_W9D7	PRJNA797778	SRR17858204	PRJNA797778	SRR17635481	human_vagina
AYAC03_W4D7	PRJNA797778	SRR17858205	PRJNA797778	SRR17635796	human_vagina
UAB011_W7D7	PRJNA797778	SRR17858206	PRJNA797778	SRR17635482	human_vagina
UAB011_W7D1	PRJNA797778	SRR17858207	PRJNA797778	SRR17635483	human_vagina
UAB039_W9D7	PRJNA797778	SRR17858208	PRJNA797778	SRR17635782	human_vagina
UAB039_W7D7	PRJNA797778	SRR17858209	PRJNA797778	SRR17635783	human_vagina
UAB039_W5D7	PRJNA797778	SRR17858210	PRJNA797778	SRR17635784	human_vagina
UAB039_W3D6	PRJNA797778	SRR17858211	PRJNA797778	SRR17635785	human_vagina
UAB039_W1D7	PRJNA797778	SRR17858212	PRJNA797778	SRR17635786	human_vagina
UAB038_W9D7	PRJNA797778	SRR17858213	PRJNA797778	SRR17635787	human_vagina
UAB038_W7D4	PRJNA797778	SRR17858214	PRJNA797778	SRR17635788	human_vagina
UAB038_W5D7	PRJNA797778	SRR17858215	PRJNA797778	SRR17635789	human_vagina
AYAC03_W1D7	PRJNA797778	SRR17858216	PRJNA797778	SRR17635807	human_vagina
UAB038_W3D7	PRJNA797778	SRR17858217	PRJNA797778	SRR17635790	human_vagina
UAB038_W2D2	PRJNA797778	SRR17858218	PRJNA797778	SRR17635791	human_vagina
UAB035_W9D7	PRJNA797778	SRR17858219	PRJNA797778	SRR17635593	human_vagina
UAB035_W7D4	PRJNA797778	SRR17858220	PRJNA797778	SRR17635594	human_vagina
UAB035_W5D7	PRJNA797778	SRR17858221	PRJNA797778	SRR17635595	human_vagina
UAB035_W3D6	PRJNA797778	SRR17858222	PRJNA797778	SRR17635596	human_vagina
UAB035_W2D7	PRJNA797778	SRR17858223	PRJNA797778	SRR17635597	human_vagina
AYAC03_W7D5	PRJNA797778	SRR17858224	PRJNA797778	SRR17635487	human_vagina
AYAC02_W7D5	PRJNA797778	SRR17858225	PRJNA797778	SRR17635635	human_vagina
UAB010_W7D5	PRJNA797778	SRR17858226	PRJNA797778	SRR17635489	human_vagina
AYAC02_W5D6	PRJNA797778	SRR17858227	PRJNA797778	SRR17635576	human_vagina
UAB007_W9D7	PRJNA797778	SRR17858228	PRJNA797778	SRR17635493	human_vagina
UAB007_W7D7	PRJNA797778	SRR17858229	PRJNA797778	SRR17635494	human_vagina
UAB007_W6D3	PRJNA797778	SRR17858230	PRJNA797778	SRR17635495	human_vagina
UAB006_W9D7	PRJNA797778	SRR17858231	PRJNA797778	SRR17635797	human_vagina
UAB006_W7D7	PRJNA797778	SRR17858232	PRJNA797778	SRR17635798	human_vagina
UAB002_W9D7	PRJNA797778	SRR17858233	PRJNA797778	SRR17635802	human_vagina
UAB002_W7D7	PRJNA797778	SRR17858234	PRJNA797778	SRR17635803	human_vagina
UAB028_W5D5	PRJNA797778	SRR17858235	PRJNA797778	SRR17635600	human_vagina
UAB028_W3D7	PRJNA797778	SRR17858236	PRJNA797778	SRR17635601	human_vagina
UAB028_W1D7	PRJNA797778	SRR17858237	PRJNA797778	SRR17635602	human_vagina
AYAC02_W3D1	PRJNA797778	SRR17858238	PRJNA797778	SRR17635793	human_vagina
UAB022_W4D1	PRJNA797778	SRR17858239	PRJNA797778	SRR17635469	human_vagina
UAB022_W2D1	PRJNA797778	SRR17858240	PRJNA797778	SRR17635470	human_vagina
AYAC10_W9D5	PRJNA797778	SRR17858241	PRJNA797778	SRR17635531	human_vagina
AYAC10_W8D1	PRJNA797778	SRR17858242	PRJNA797778	SRR17635542	human_vagina
AYAC10_W5D4	PRJNA797778	SRR17858243	PRJNA797778	SRR17635553	human_vagina
AYAC10_W2D7	PRJNA797778	SRR17858244	PRJNA797778	SRR17635564	human_vagina
AYAC10_W1D7	PRJNA797778	SRR17858245	PRJNA797778	SRR17635575	human_vagina
AYAC09_W9D7	PRJNA797778	SRR17858246	PRJNA797778	SRR17635587	human_vagina
AYAC09_W7D4	PRJNA797778	SRR17858247	PRJNA797778	SRR17635736	human_vagina
EM11_W9D7	PRJNA797778	SRR17858248	PRJNA797778	SRR17635808	human_vagina
EM11_W7D7	PRJNA797778	SRR17858249	PRJNA797778	SRR17635809	human_vagina
EM11_W5D7	PRJNA797778	SRR17858250	PRJNA797778	SRR17635810	human_vagina
UAB021_W3D7	PRJNA797778	SRR17858251	PRJNA797778	SRR17635473	human_vagina
EM11_W3D6	PRJNA797778	SRR17858252	PRJNA797778	SRR17635811	human_vagina
EM11_W1D7	PRJNA797778	SRR17858253	PRJNA797778	SRR17635812	human_vagina
EM10_W8D7	PRJNA797778	SRR17858254	PRJNA797778	SRR17635813	human_vagina
EM10_W6D5	PRJNA797778	SRR17858255	PRJNA797778	SRR17635814	human_vagina
EM10_W4D7	PRJNA797778	SRR17858256	PRJNA797778	SRR17635815	human_vagina
EM10_W3D2	PRJNA797778	SRR17858257	PRJNA797778	SRR17635816	human_vagina
EM10_W1D7	PRJNA797778	SRR17858258	PRJNA797778	SRR17635817	human_vagina
EM09_W9D6	PRJNA797778	SRR17858259	PRJNA797778	SRR17635819	human_vagina
EM09_W8D5	PRJNA797778	SRR17858260	PRJNA797778	SRR17635820	human_vagina
EM09_W6D7	PRJNA797778	SRR17858261	PRJNA797778	SRR17635459	human_vagina
UAB015_W3D1	PRJNA797778	SRR17858262	PRJNA797778	SRR17635479	human_vagina
AYAC05_W9D7	PRJNA797778	SRR17858263	PRJNA797778	SRR17635684	human_vagina
AYAC05_W7D7	PRJNA797778	SRR17858264	PRJNA797778	SRR17635695	human_vagina
AYAC03_W9D7	PRJNA797778	SRR17858265	PRJNA797778	SRR17635465	human_vagina
AYAC03_W8D6	PRJNA797778	SRR17858266	PRJNA797778	SRR17635476	human_vagina
AYAC09_W3D4	PRJNA797778	SRR17858267	PRJNA797778	SRR17635758	human_vagina
AYAC09_W1D7	PRJNA797778	SRR17858268	PRJNA797778	SRR17635673	human_vagina
AYAC05_W5D5	PRJNA797778	SRR17858269	PRJNA797778	SRR17635770	human_vagina
AYAC05_W3D7	PRJNA797778	SRR17858270	PRJNA797778	SRR17635781	human_vagina
AYAC05_W1D6	PRJNA797778	SRR17858271	PRJNA797778	SRR17635792	human_vagina
EM09_W4D4	PRJNA797778	SRR17858272	PRJNA797778	SRR17635462	human_vagina
UAB015_W1D5	PRJNA797778	SRR17858273	PRJNA797778	SRR17635480	human_vagina
EM09_W2D3	PRJNA797778	SRR17858274	PRJNA797778	SRR17635611	human_vagina
EM04_W1D7	PRJNA797778	SRR17858275	PRJNA797778	SRR17635722	human_vagina
UAB129_W10D2	PRJNA797778	SRR17858276	PRJNA797778	SRR17635577	human_vagina
UAB129_W7D7	PRJNA797778	SRR17858277	PRJNA797778	SRR17635578	human_vagina
UAB129_W5D7	PRJNA797778	SRR17858278	PRJNA797778	SRR17635579	human_vagina
UAB129_W3D3	PRJNA797778	SRR17858279	PRJNA797778	SRR17635580	human_vagina
UAB129_W1D7	PRJNA797778	SRR17858280	PRJNA797778	SRR17635581	human_vagina
UAB122_W9D6	PRJNA797778	SRR17858281	PRJNA797778	SRR17635582	human_vagina
UAB122_W6D5	PRJNA797778	SRR17858282	PRJNA797778	SRR17635583	human_vagina
UAB122_W4D7	PRJNA797778	SRR17858283	PRJNA797778	SRR17635584	human_vagina
UAB011_W3D6	PRJNA797778	SRR17858284	PRJNA797778	SRR17635484	human_vagina
UAB122_W3D4	PRJNA797778	SRR17858285	PRJNA797778	SRR17635585	human_vagina
UAB122_W1D7	PRJNA797778	SRR17858286	PRJNA797778	SRR17635586	human_vagina
UAB119_W9D7	PRJNA797778	SRR17858287	PRJNA797778	SRR17635588	human_vagina
UAB119_W7D7	PRJNA797778	SRR17858288	PRJNA797778	SRR17635589	human_vagina
UAB119_W5D7	PRJNA797778	SRR17858289	PRJNA797778	SRR17635590	human_vagina
UAB119_W3D7	PRJNA797778	SRR17858290	PRJNA797778	SRR17635591	human_vagina
UAB119_W1D7	PRJNA797778	SRR17858291	PRJNA797778	SRR17635592	human_vagina
UAB117_W9D6	PRJNA797778	SRR17858292	PRJNA797778	SRR17635731	human_vagina
UAB117_W8D1	PRJNA797778	SRR17858293	PRJNA797778	SRR17635732	human_vagina
UAB117_W5D6	PRJNA797778	SRR17858294	PRJNA797778	SRR17635733	human_vagina
UAB011_W1D7	PRJNA797778	SRR17858295	PRJNA797778	SRR17635485	human_vagina
UAB117_W3D6	PRJNA797778	SRR17858296	PRJNA797778	SRR17635734	human_vagina
UAB117_W1D6	PRJNA797778	SRR17858297	PRJNA797778	SRR17635735	human_vagina
UAB116_W9D6	PRJNA797778	SRR17858298	PRJNA797778	SRR17635737	human_vagina
UAB116_W6D7	PRJNA797778	SRR17858299	PRJNA797778	SRR17635738	human_vagina
UAB116_W4D6	PRJNA797778	SRR17858300	PRJNA797778	SRR17635739	human_vagina
UAB116_W1D7	PRJNA797778	SRR17858301	PRJNA797778	SRR17635741	human_vagina
UAB110_W10D4	PRJNA797778	SRR17858302	PRJNA797778	SRR17635742	human_vagina
UAB110_W7D7	PRJNA797778	SRR17858303	PRJNA797778	SRR17635743	human_vagina
UAB110_W6D2	PRJNA797778	SRR17858304	PRJNA797778	SRR17635744	human_vagina
UAB110_W3D7	PRJNA797778	SRR17858305	PRJNA797778	SRR17635745	human_vagina
UAB010_W5D6	PRJNA797778	SRR17858306	PRJNA797778	SRR17635490	human_vagina
UAB110_W1D7	PRJNA797778	SRR17858307	PRJNA797778	SRR17635746	human_vagina
UAB106_W9D7	PRJNA797778	SRR17858308	PRJNA797778	SRR17635748	human_vagina
UAB106_W7D7	PRJNA797778	SRR17858309	PRJNA797778	SRR17635749	human_vagina
UAB106_W5D4	PRJNA797778	SRR17858310	PRJNA797778	SRR17635750	human_vagina
UAB106_W3D7	PRJNA797778	SRR17858311	PRJNA797778	SRR17635751	human_vagina
UAB106_W1D7	PRJNA797778	SRR17858312	PRJNA797778	SRR17635752	human_vagina
UAB096_W9D7	PRJNA797778	SRR17858313	PRJNA797778	SRR17635753	human_vagina
UAB096_W7D3	PRJNA797778	SRR17858314	PRJNA797778	SRR17635754	human_vagina
UAB096_W5D3	PRJNA797778	SRR17858315	PRJNA797778	SRR17635755	human_vagina
UAB096_W3D3	PRJNA797778	SRR17858316	PRJNA797778	SRR17635756	human_vagina
UAB010_W3D1	PRJNA797778	SRR17858317	PRJNA797778	SRR17635491	human_vagina
UAB096_W1D5	PRJNA797778	SRR17858318	PRJNA797778	SRR17635757	human_vagina
UAB093_W9D6	PRJNA797778	SRR17858319	PRJNA797778	SRR17635759	human_vagina
UAB093_W7D7	PRJNA797778	SRR17858320	PRJNA797778	SRR17635760	human_vagina
UAB093_W5D7	PRJNA797778	SRR17858321	PRJNA797778	SRR17635761	human_vagina
UAB093_W4D2	PRJNA797778	SRR17858322	PRJNA797778	SRR17635762	human_vagina
UAB093_W1D7	PRJNA797778	SRR17858323	PRJNA797778	SRR17635667	human_vagina
UAB088_W10D1	PRJNA797778	SRR17858324	PRJNA797778	SRR17635668	human_vagina
UAB088_W7D6	PRJNA797778	SRR17858325	PRJNA797778	SRR17635669	human_vagina
UAB088_W6D1	PRJNA797778	SRR17858326	PRJNA797778	SRR17635670	human_vagina
UAB088_W4D1	PRJNA797778	SRR17858327	PRJNA797778	SRR17635671	human_vagina
UAB007_W1D7	PRJNA797778	SRR17858328	PRJNA797778	SRR17635795	human_vagina
AYAC02_W1D7	PRJNA797778	SRR17858329	PRJNA797778	SRR17635794	human_vagina
EM04_W3D7	PRJNA797778	SRR17858330	PRJNA797778	SRR17635711	human_vagina
MV_FEI4_t2Q15	PRJNA339914	SRR4100706	PRJNA339914	SRR4052039	human_gut_microbiome
MV_FEI5_t3Q15	PRJNA339914	SRR4100707	PRJNA339914	SRR4052042	human_gut_microbiome
MV_FEM4_t2Q15	PRJNA339914	SRR4100708	PRJNA339914	SRR4052025	human_gut_microbiome
MV_FEM5_t3Q15	PRJNA339914	SRR4100709	PRJNA339914	SRR4052028	human_gut_microbiome
M1	PRJEB33889	ERR3473664	PRJEB33889	ERR3473656	mouse_cecum
M2	PRJEB33889	ERR3473665	PRJEB33889	ERR3473657	mouse_cecum
M3	PRJEB33889	ERR3473666	PRJEB33889	ERR3473658	mouse_cecum
M4	PRJEB33889	ERR3473667	PRJEB33889	ERR3473659	mouse_cecum
M5	PRJEB33889	ERR3473668	PRJEB33889	ERR3473660	mouse_cecum
M6	PRJEB33889	ERR3473669	PRJEB33889	ERR3473661	mouse_cecum
M7	PRJEB33889	ERR3473670	PRJEB33889	ERR3473662	mouse_cecum
M8	PRJEB33889	ERR3473671	PRJEB33889	ERR3473663	mouse_cecum
ad_supplemented_with_nitrogen_data_2	PRJNA698464	SRR13618127	PRJNA698464	SRR13618123	bioreactor
ad_supplemented_with_nitrogen_data_1	PRJNA698464	SRR13618128	PRJNA698464	SRR13618124	bioreactor
ad_supplemented_with_hydrogen_data_2	PRJNA698464	SRR13618129	PRJNA698464	SRR13618125	bioreactor
ad_supplemented_with_hydrogen_data_1	PRJNA698464	SRR13618130	PRJNA698464	SRR13618126	bioreactor
X4074	PRJNA396840	SRR5892181	PRJNA396840	SRR5892217	human_oral
X4080	PRJNA396840	SRR5892182	PRJNA396840	SRR5892216	human_oral
X4068	PRJNA396840	SRR5892183	PRJNA396840	SRR5892215	human_oral
X4072	PRJNA396840	SRR5892184	PRJNA396840	SRR5892214	human_oral
X4060	PRJNA396840	SRR5892185	PRJNA396840	SRR5892213	human_oral
X4064	PRJNA396840	SRR5892186	PRJNA396840	SRR5892212	human_oral
X4050	PRJNA396840	SRR5892187	PRJNA396840	SRR5892211	human_oral
X4056	PRJNA396840	SRR5892188	PRJNA396840	SRR5892210	human_oral
X4108	PRJNA396840	SRR5892189	PRJNA396840	SRR5892233	human_oral
X4082	PRJNA396840	SRR5892190	PRJNA396840	SRR5892209	human_oral
X4088	PRJNA396840	SRR5892191	PRJNA396840	SRR5892208	human_oral
X4124	PRJNA396840	SRR5892192	PRJNA396840	SRR5892236	human_oral
X4120	PRJNA396840	SRR5892195	PRJNA396840	SRR5892235	human_oral
X4096	PRJNA396840	SRR5892200	PRJNA396840	SRR5892238	human_oral
X4092	PRJNA396840	SRR5892204	PRJNA396840	SRR5892237	human_oral
X4104	PRJNA396840	SRR5892205	PRJNA396840	SRR5892240	human_oral
X4100	PRJNA396840	SRR5892207	PRJNA396840	SRR5892239	human_oral
X4024	PRJNA396840	SRR5892218	PRJNA396840	SRR5892196	human_oral
X4020	PRJNA396840	SRR5892219	PRJNA396840	SRR5892197	human_oral
X4014	PRJNA396840	SRR5892220	PRJNA396840	SRR5892198	human_oral
X4012	PRJNA396840	SRR5892221	PRJNA396840	SRR5892199	human_oral
X4040	PRJNA396840	SRR5892222	PRJNA396840	SRR5892206	human_oral
X4036	PRJNA396840	SRR5892223	PRJNA396840	SRR5892201	human_oral
X4032	PRJNA396840	SRR5892224	PRJNA396840	SRR5892202	human_oral
X4028	PRJNA396840	SRR5892225	PRJNA396840	SRR5892203	human_oral
X4048	PRJNA396840	SRR5892226	PRJNA396840	SRR5892193	human_oral
X4044	PRJNA396840	SRR5892227	PRJNA396840	SRR5892194	human_oral
X4132	PRJNA396840	SRR5892228	PRJNA396840	SRR5892232	human_oral
X4128	PRJNA396840	SRR5892229	PRJNA396840	SRR5892231	human_oral
X4116	PRJNA396840	SRR5892230	PRJNA396840	SRR5892234	human_oral
L2	PRJNA492158	SRR7880350	PRJNA492158	SRR7880198	human_gut
L3	PRJNA492158	SRR7880351	PRJNA492158	SRR7880201	human_gut
L5	PRJNA492158	SRR7880352	PRJNA492158	SRR7880203	human_gut
L6	PRJNA492158	SRR7880353	PRJNA492158	SRR7880202	human_gut
L7	PRJNA492158	SRR7880354	PRJNA492158	SRR7880205	human_gut
L8	PRJNA492158	SRR7880355	PRJNA492158	SRR7880204	human_gut
L9	PRJNA492158	SRR7880356	PRJNA492158	SRR7880207	human_gut
L11	PRJNA492158	SRR7880357	PRJNA492158	SRR7880227	human_gut
L12	PRJNA492158	SRR7880358	PRJNA492158	SRR7880226	human_gut
O1	PRJNA492158	SRR7880359	PRJNA492158	SRR7880225	human_gut
V6	PRJNA492158	SRR7880360	PRJNA492158	SRR7880217	human_gut
V5	PRJNA492158	SRR7880361	PRJNA492158	SRR7880216	human_gut
V8	PRJNA492158	SRR7880362	PRJNA492158	SRR7880218	human_gut
V7	PRJNA492158	SRR7880363	PRJNA492158	SRR7880219	human_gut
V11	PRJNA492158	SRR7880364	PRJNA492158	SRR7880223	human_gut
V9	PRJNA492158	SRR7880365	PRJNA492158	SRR7880197	human_gut
O6	PRJNA492158	SRR7880366	PRJNA492158	SRR7880228	human_gut
O8	PRJNA492158	SRR7880367	PRJNA492158	SRR7880220	human_gut
O9	PRJNA492158	SRR7880368	PRJNA492158	SRR7880210	human_gut
O10	PRJNA492158	SRR7880369	PRJNA492158	SRR7880211	human_gut
O2	PRJNA492158	SRR7880370	PRJNA492158	SRR7880224	human_gut
O3	PRJNA492158	SRR7880371	PRJNA492158	SRR7880231	human_gut
O4	PRJNA492158	SRR7880372	PRJNA492158	SRR7880230	human_gut
O5	PRJNA492158	SRR7880373	PRJNA492158	SRR7880229	human_gut
O11	PRJNA492158	SRR7880374	PRJNA492158	SRR7880208	human_gut
O12	PRJNA492158	SRR7880375	PRJNA492158	SRR7880209	human_gut
3m_Station6_GOM	PRJNA278075	SRR1918203	PRJNA278075	SRR2001210	ocean
CRF2_7	PRJEB38017	ERR4077213	PRJEB38017	ERR4073751	cocoa_box_fermentation
CRF2_20	PRJEB38017	ERR4077214	PRJEB38017	ERR4073752	cocoa_box_fermentation
CRF2_68	PRJEB38017	ERR4077215	PRJEB38017	ERR4073754	cocoa_box_fermentation
HP_AsLow	PRJNA616041	SRR11450577	PRJNA616041	SRR11450583	paddy_soil
SKS_AsHig	PRJNA616041	SRR11450578	PRJNA616041	SRR11450584	paddy_soil
CZ_AsHig	PRJNA616041	SRR11450579	PRJNA616041	SRR11450587	paddy_soil
CL_AsHig	PRJNA616041	SRR11450580	PRJNA616041	SRR11450588	paddy_soil
YCP_AsLow	PRJNA616041	SRR11450585	PRJNA616041	SRR11450581	paddy_soil
LH_AsLow	PRJNA616041	SRR11450586	PRJNA616041	SRR11450582	paddy_soil
GZ-C-35-D5	PRJNA395125	SRR5868086	PRJNA393770	SRR5892338	bioreactor
GZ-C-35-Mid	PRJNA395125	SRR5868087	PRJNA393770	SRR5892352	bioreactor
SWH-C-35-D5	PRJNA395125	SRR5868115	PRJNA393770	SRR5894891	bioreactor
SWH-C-35-Mid	PRJNA395125	SRR5868116	PRJNA393770	SRR5894892	bioreactor
GZ-X-35-Mid	PRJNA395125	SRR5868138	PRJNA393770	SRR5894899	bioreactor
SWH-X-35-Mid	PRJNA395125	SRR5868139	PRJNA393770	SRR5894900	bioreactor
SWH-C-55-Mid	PRJNA395125	SRR5868141	PRJNA393770	SRR5894893	bioreactor
AH1	PRJEB12284	ERR1198915	PRJEB12083	ERR1191817	wastewater
AH4	PRJEB12284	ERR1198916	PRJEB12083	ERR1191820	wastewater
AH5	PRJEB12284	ERR1198917	PRJEB12083	ERR1191821	wastewater
AH6	PRJEB12284	ERR1198918	PRJEB12083	ERR1191822	wastewater
DF1	PRJEB12284	ERR1198919	PRJEB12083	ERR1193331	wastewater
DF4	PRJEB12284	ERR1198920	PRJEB12083	ERR1193299	wastewater
DF5	PRJEB12284	ERR1198921	PRJEB12083	ERR1193300	wastewater
DF6	PRJEB12284	ERR1198922	PRJEB12083	ERR1193301	wastewater
BazoSym_LS-ET_5	PRJEB32788	ERR3342479	PRJEB32787	ERR3342499	mussel_gill
BazoSym_LS-ET_4	PRJEB32788	ERR3342480	PRJEB32787	ERR3342500	mussel_gill
BazoSym_LS-MS_3	PRJEB32788	ERR3342481	PRJEB32787	ERR3342501	mussel_gill
BazoSym_LS-MS_2	PRJEB32788	ERR3342482	PRJEB32787	ERR3342502	mussel_gill
BazoSym_LS-MS_1	PRJEB32788	ERR3342483	PRJEB32787	ERR3342503	mussel_gill
BspSym_Li_5	PRJEB32788	ERR3342467	PRJEB32787	ERR3342486	mussel_gill
BspSym_Li_4	PRJEB32788	ERR3342468	PRJEB32787	ERR3342487	mussel_gill
BspSym_Li_3	PRJEB32788	ERR3342469	PRJEB32787	ERR3342488	mussel_gill
BspSym_Li_2	PRJEB32788	ERR3342470	PRJEB32787	ERR3342489	mussel_gill
BspSym_Li_1	PRJEB32788	ERR3342471	PRJEB32787	ERR3342490	mussel_gill
BspSym_Cl_4	PRJEB32788	ERR3342472	PRJEB32787	ERR3342492	mussel_gill
BspSym_Cl_3	PRJEB32788	ERR3342473	PRJEB32787	ERR3342493	mussel_gill
BspSym_Cl_2	PRJEB32788	ERR3342474	PRJEB32787	ERR3342494	mussel_gill
BspSym_Cl_1	PRJEB32788	ERR3342475	PRJEB32787	ERR3342495	mussel_gill
BputSym_Se-AL_3	PRJEB32788	ERR3342476	PRJEB32787	ERR3342496	mussel_gill
BputSym_Se-AL_2	PRJEB32788	ERR3342477	PRJEB32787	ERR3342497	mussel_gill
BputSym_Se-AL_1	PRJEB32788	ERR3342478	PRJEB32787	ERR3342498	mussel_gill
CSM67UC6	PRJNA398089	SRR5949109	PRJNA398089	SRR5936217	human_gut
CSM67UDY	PRJNA398089	SRR5949110	PRJNA398089	SRR5936216	human_gut
HSM67VI9	PRJNA398089	SRR5949111	PRJNA398089	SRR5936212	human_gut
HSM6XRTQ	PRJNA398089	SRR5949112	PRJNA398089	SRR5936211	human_gut
CSM79HHM	PRJNA398089	SRR5949113	PRJNA398089	SRR5946811	human_gut
CSM79HIR	PRJNA398089	SRR5949114	PRJNA398089	SRR5936215	human_gut
CSM79HJO	PRJNA398089	SRR5949115	PRJNA398089	SRR5947089	human_gut
HSM67VEI	PRJNA398089	SRR5949116	PRJNA398089	SRR5936210	human_gut
MSM79H9K	PRJNA398089	SRR5949117	PRJNA398089	SRR5935975	human_gut
MSM79HAH	PRJNA398089	SRR5949118	PRJNA398089	SRR5935976	human_gut
HSM7J4L5	PRJNA398089	SRR5949119	PRJNA398089	SRR5935953	human_gut
MSM79H7E	PRJNA398089	SRR5949120	PRJNA398089	SRR5935950	human_gut
PSM7J17Z	PRJNA398089	SRR5949121	PRJNA398089	SRR5935951	human_gut
PSM7J18G	PRJNA398089	SRR5949122	PRJNA398089	SRR5935952	human_gut
MSM79HDI	PRJNA398089	SRR5949123	PRJNA398089	SRR5935954	human_gut
HSM7J4JH	PRJNA398089	SRR5949124	PRJNA398089	SRR5935955	human_gut
HSM7J4HU	PRJNA398089	SRR5949125	PRJNA398089	SRR5935956	human_gut
PSM7J1CI	PRJNA398089	SRR5949126	PRJNA398089	SRR5935957	human_gut
HSM7CZ36	PRJNA398089	SRR5949127	PRJNA398089	SRR5936016	human_gut
CSM7KOJW	PRJNA398089	SRR5949128	PRJNA398089	SRR5947102	human_gut
MSM79HDM	PRJNA398089	SRR5949129	PRJNA398089	SRR5936018	human_gut
PSM6XBTP	PRJNA398089	SRR5949130	PRJNA398089	SRR5936066	human_gut
MSM79HF9	PRJNA398089	SRR5949131	PRJNA398089	SRR5936064	human_gut
CSM79HQF	PRJNA398089	SRR5949132	PRJNA398089	SRR5936119	human_gut
MSM79H9A	PRJNA398089	SRR5949133	PRJNA398089	SRR5936118	human_gut
HSM7CZ3E	PRJNA398089	SRR5949134	PRJNA398089	SRR5936121	human_gut
CSM79HP4	PRJNA398089	SRR5949135	PRJNA398089	SRR5946645	human_gut
HSM7CYY7	PRJNA398089	SRR5949136	PRJNA398089	SRR5936117	human_gut
CSM79HLC	PRJNA398089	SRR5949137	PRJNA398089	SRR5936176	human_gut
MSM79H5K	PRJNA398089	SRR5949138	PRJNA398089	SRR5936132	human_gut
HSM6XRV8	PRJNA398089	SRR5949139	PRJNA398089	SRR5935785	human_gut
CSM79HIZ	PRJNA398089	SRR5949140	PRJNA398089	SRR5935786	human_gut
CSM79HIB	PRJNA398089	SRR5949141	PRJNA398089	SRR5935794	human_gut
HSM7CZ1A	PRJNA398089	SRR5949142	PRJNA398089	SRR5935798	human_gut
CSM79HIN	PRJNA398089	SRR5949143	PRJNA398089	SRR5935792	human_gut
MSM79H6F	PRJNA398089	SRR5949144	PRJNA398089	SRR5935793	human_gut
HSM6XRVC	PRJNA398089	SRR5949145	PRJNA398089	SRR5936043	human_gut
PSM7J199	PRJNA398089	SRR5949146	PRJNA398089	SRR5936131	human_gut
HSM7CYX6	PRJNA398089	SRR5949147	PRJNA398089	SRR5936134	human_gut
CSM7KORM	PRJNA398089	SRR5949148	PRJNA398089	SRR5950794	human_gut
PSM7J12J	PRJNA398089	SRR5949149	PRJNA398089	SRR5936100	human_gut
ESM5MEBS	PRJNA398089	SRR5949150	PRJNA398089	SRR5935857	human_gut
MSM6J2IE	PRJNA398089	SRR5949151	PRJNA398089	SRR5935858	human_gut
MSM5LLDS	PRJNA398089	SRR5949152	PRJNA398089	SRR5935763	human_gut
CSM7KOJY	PRJNA398089	SRR5949153	PRJNA398089	SRR5946685	human_gut
HSM5FZBZ	PRJNA398089	SRR5949154	PRJNA398089	SRR5946845	human_gut
CSM5FZ4M	PRJNA398089	SRR5949155	PRJNA398089	SRR5935761	human_gut
HSM5MD5B	PRJNA398089	SRR5949156	PRJNA398089	SRR5935768	human_gut
HSM5MD53	PRJNA398089	SRR5949157	PRJNA398089	SRR5947002	human_gut
CSM5MCUO	PRJNA398089	SRR5949158	PRJNA398089	SRR5935859	human_gut
CSM5MCXD	PRJNA398089	SRR5949159	PRJNA398089	SRR5935860	human_gut
PSM6XBS4	PRJNA398089	SRR5949160	PRJNA398089	SRR5935964	human_gut
HSM6XRUN	PRJNA398089	SRR5949161	PRJNA398089	SRR5935816	human_gut
MSM6J2QP	PRJNA398089	SRR5949162	PRJNA398089	SRR5935817	human_gut
CSM67UEW	PRJNA398089	SRR5949163	PRJNA398089	SRR5935962	human_gut
HSM6XRQO	PRJNA398089	SRR5949164	PRJNA398089	SRR5936154	human_gut
HSM67VD4	PRJNA398089	SRR5949165	PRJNA398089	SRR5936160	human_gut
HSM67VI3	PRJNA398089	SRR5949166	PRJNA398089	SRR5936159	human_gut
CSM67UEA	PRJNA398089	SRR5949167	PRJNA398089	SRR5936162	human_gut
HSM67VES	PRJNA398089	SRR5949168	PRJNA398089	SRR5935813	human_gut
HSM6XRTM	PRJNA398089	SRR5949169	PRJNA398089	SRR5935815	human_gut
ESM5MEC5	PRJNA398089	SRR5949170	PRJNA398089	SRR5935758	human_gut
CSM67UAW	PRJNA398089	SRR5949171	PRJNA398089	SRR5935755	human_gut
HSM6XRQU	PRJNA398089	SRR5949172	PRJNA398089	SRR5935901	human_gut
CSM67UBH	PRJNA398089	SRR5949173	PRJNA398089	SRR5935900	human_gut
CSM67UAM	PRJNA398089	SRR5949174	PRJNA398089	SRR5935904	human_gut
CSM67UAA	PRJNA398089	SRR5949175	PRJNA398089	SRR5935903	human_gut
CSM67UDF	PRJNA398089	SRR5949176	PRJNA398089	SRR5935908	human_gut
MSM6J2Q3	PRJNA398089	SRR5949177	PRJNA398089	SRR5935907	human_gut
MSM6J2LL	PRJNA398089	SRR5949178	PRJNA398089	SRR5935899	human_gut
ESM5MEBG	PRJNA398089	SRR5949179	PRJNA398089	SRR5935902	human_gut
MSM6J2PU	PRJNA398089	SRR5949180	PRJNA398089	SRR5935892	human_gut
HSM7CYZV	PRJNA398089	SRR5949181	PRJNA398089	SRR5935891	human_gut
CSM79HKB	PRJNA398089	SRR5949182	PRJNA398089	SRR5935890	human_gut
HSM7CYZJ	PRJNA398089	SRR5949183	PRJNA398089	SRR5935889	human_gut
CSM79HLG	PRJNA398089	SRR5949184	PRJNA398089	SRR5936005	human_gut
CSM79HI7	PRJNA398089	SRR5949185	PRJNA398089	SRR5935894	human_gut
CSM79HIV	PRJNA398089	SRR5949186	PRJNA398089	SRR5935895	human_gut
HSM67VGG	PRJNA398089	SRR5949187	PRJNA398089	SRR5935893	human_gut
MSM6J2MH	PRJNA398089	SRR5949188	PRJNA398089	SRR5935888	human_gut
CSM79HGZ	PRJNA398089	SRR5949189	PRJNA398089	SRR5946660	human_gut
MSM6J2QF	PRJNA398089	SRR5949190	PRJNA398089	SRR5936052	human_gut
CSM79HLA	PRJNA398089	SRR5949191	PRJNA398089	SRR5936051	human_gut
HSM67VHD	PRJNA398089	SRR5949192	PRJNA398089	SRR5936232	human_gut
HSM6XRQ8	PRJNA398089	SRR5949193	PRJNA398089	SRR5936229	human_gut
CSM67UF5	PRJNA398089	SRR5949194	PRJNA398089	SRR5936234	human_gut
MSM6J2RS	PRJNA398089	SRR5949195	PRJNA398089	SRR5936238	human_gut
HSM6XRVM	PRJNA398089	SRR5949196	PRJNA398089	SRR5936226	human_gut
HSM67VEK	PRJNA398089	SRR5949197	PRJNA398089	SRR5936230	human_gut
HSM67VHW	PRJNA398089	SRR5949198	PRJNA398089	SRR5936227	human_gut
HSM67VFR	PRJNA398089	SRR5949199	PRJNA398089	SRR5936228	human_gut
CSM7KONK	PRJNA398089	SRR5949200	PRJNA398089	SRR5950508	human_gut
MSM9VZEK	PRJNA398089	SRR5949201	PRJNA398089	SRR5935847	human_gut
MSM79H8D	PRJNA398089	SRR5949202	PRJNA398089	SRR5935843	human_gut
CSM7KOSV	PRJNA398089	SRR5949203	PRJNA398089	SRR5950509	human_gut
HSM7J4IC	PRJNA398089	SRR5949204	PRJNA398089	SRR5935838	human_gut
CSM7KON8	PRJNA398089	SRR5949205	PRJNA398089	SRR5935837	human_gut
HSM7J4L9	PRJNA398089	SRR5949206	PRJNA398089	SRR5935846	human_gut
HSM7J4IQ	PRJNA398089	SRR5949207	PRJNA398089	SRR5935842	human_gut
HSM7J4MY	PRJNA398089	SRR5949208	PRJNA398089	SRR5935910	human_gut
HSM7J4QT	PRJNA398089	SRR5949209	PRJNA398089	SRR5935844	human_gut
CSM5MCX3	PRJNA398089	SRR5949210	PRJNA398089	SRR5935942	human_gut
CSM7KOKD	PRJNA398089	SRR5949211	PRJNA398089	SRR5950676	human_gut
CSM7KOOH	PRJNA398089	SRR5949212	PRJNA398089	SRR5950642	human_gut
HSM7J4LD	PRJNA398089	SRR5949213	PRJNA398089	SRR5935991	human_gut
HSM7CYY9	PRJNA398089	SRR5949214	PRJNA398089	SRR5935990	human_gut
CSM7KOJO	PRJNA398089	SRR5949215	PRJNA398089	SRR5936062	human_gut
MSM79HDQ	PRJNA398089	SRR5949216	PRJNA398089	SRR5936063	human_gut
MSM79HCP	PRJNA398089	SRR5949217	PRJNA398089	SRR5936056	human_gut
MSM79H9Q	PRJNA398089	SRR5949218	PRJNA398089	SRR5936058	human_gut
PSM7J1BF	PRJNA398089	SRR5949219	PRJNA398089	SRR5935994	human_gut
CSM7KON2	PRJNA398089	SRR5949220	PRJNA398089	SRR5935992	human_gut
HSM7J4HS	PRJNA398089	SRR5949221	PRJNA398089	SRR5935783	human_gut
MSM79H7C	PRJNA398089	SRR5949222	PRJNA398089	SRR5935741	human_gut
HSM7J4LP	PRJNA398089	SRR5949223	PRJNA398089	SRR5935743	human_gut
PSM7J18E	PRJNA398089	SRR5949224	PRJNA398089	SRR5935744	human_gut
HSM7J4I5	PRJNA398089	SRR5949225	PRJNA398089	SRR5935745	human_gut
PSM7J17L	PRJNA398089	SRR5949226	PRJNA398089	SRR5936015	human_gut
MSM79HDG	PRJNA398089	SRR5949227	PRJNA398089	SRR5935750	human_gut
PSM7J17X	PRJNA398089	SRR5949228	PRJNA398089	SRR5935747	human_gut
CSM67UAU	PRJNA398089	SRR5949229	PRJNA398089	SRR5935807	human_gut
HSM6XRQI	PRJNA398089	SRR5949230	PRJNA398089	SRR5935805	human_gut
CSM7KOLE	PRJNA398089	SRR5949231	PRJNA398089	SRR5935967	human_gut
PSM7J16U	PRJNA398089	SRR5949232	PRJNA398089	SRR5935781	human_gut
CSM79HHO	PRJNA398089	SRR5949233	PRJNA398089	SRR5946885	human_gut
HSM67VD6	PRJNA398089	SRR5949234	PRJNA398089	SRR5936073	human_gut
CSM67UB3	PRJNA398089	SRR5949235	PRJNA398089	SRR5936068	human_gut
MSM6J2LB	PRJNA398089	SRR5949236	PRJNA398089	SRR5936069	human_gut
MSM6J2RO	PRJNA398089	SRR5949237	PRJNA398089	SRR5935810	human_gut
CSM79HGP	PRJNA398089	SRR5949238	PRJNA398089	SRR5935808	human_gut
CSM67UDR	PRJNA398089	SRR5949239	PRJNA398089	SRR5935814	human_gut
HSM67VGA	PRJNA398089	SRR5949240	PRJNA398089	SRR5935958	human_gut
MSM6J2LV	PRJNA398089	SRR5949241	PRJNA398089	SRR5935812	human_gut
CSM67UBN	PRJNA398089	SRR5949242	PRJNA398089	SRR5935811	human_gut
HSM7J4NO	PRJNA398089	SRR5949243	PRJNA398089	SRR5935875	human_gut
HSM7J4KQ	PRJNA398089	SRR5949244	PRJNA398089	SRR5936173	human_gut
MSM9VZMA	PRJNA398089	SRR5949245	PRJNA398089	SRR5935773	human_gut
MSM9VZNH	PRJNA398089	SRR5949246	PRJNA398089	SRR5935774	human_gut
HSM7J4PI	PRJNA398089	SRR5949247	PRJNA398089	SRR5936189	human_gut
CSM79HRG	PRJNA398089	SRR5949248	PRJNA398089	SRR5950737	human_gut
HSM7J4HC	PRJNA398089	SRR5949249	PRJNA398089	SRR5936025	human_gut
PSM7J1A6	PRJNA398089	SRR5949250	PRJNA398089	SRR5936021	human_gut
MSM79H9M	PRJNA398089	SRR5949251	PRJNA398089	SRR5936020	human_gut
MSM79HCI	PRJNA398089	SRR5949252	PRJNA398089	SRR5936019	human_gut
MSM79HDA	PRJNA398089	SRR5949253	PRJNA398089	SRR5936026	human_gut
PSM7J1BB	PRJNA398089	SRR5949254	PRJNA398089	SRR5936024	human_gut
PSM6XBUK	PRJNA398089	SRR5949255	PRJNA398089	SRR5936023	human_gut
HSM7J4HM	PRJNA398089	SRR5949256	PRJNA398089	SRR5936022	human_gut
MSM79H5Q	PRJNA398089	SRR5949257	PRJNA398089	SRR5936112	human_gut
HSM67VHJ	PRJNA398089	SRR5949258	PRJNA398089	SRR5936114	human_gut
PSM6XBT9	PRJNA398089	SRR5949259	PRJNA398089	SRR5935789	human_gut
HSM67VGK	PRJNA398089	SRR5949260	PRJNA398089	SRR5935788	human_gut
CSM79HOL	PRJNA398089	SRR5949261	PRJNA398089	SRR5936109	human_gut
ESM5ME9U	PRJNA398089	SRR5949262	PRJNA398089	SRR5936113	human_gut
HSM7CZ1V	PRJNA398089	SRR5949263	PRJNA398089	SRR5936110	human_gut
CSM79HPK	PRJNA398089	SRR5949264	PRJNA398089	SRR5936111	human_gut
CSM79HPA	PRJNA398089	SRR5949265	PRJNA398089	SRR5946615	human_gut
PSM6XBV4	PRJNA398089	SRR5949266	PRJNA398089	SRR5935791	human_gut
CSM7KORO	PRJNA398089	SRR5949267	PRJNA398089	SRR5950523	human_gut
CSM7KOPI	PRJNA398089	SRR5949268	PRJNA398089	SRR5935974	human_gut
HSM7J4J7	PRJNA398089	SRR5949269	PRJNA398089	SRR5935977	human_gut
HSM7J4LH	PRJNA398089	SRR5949270	PRJNA398089	SRR5935973	human_gut
CSM7KOPU	PRJNA398089	SRR5949271	PRJNA398089	SRR5950627	human_gut
HSM7J4IO	PRJNA398089	SRR5949272	PRJNA398089	SRR5935972	human_gut
MSM79H81	PRJNA398089	SRR5949273	PRJNA398089	SRR5935971	human_gut
MSM79H7O	PRJNA398089	SRR5949274	PRJNA398089	SRR5935970	human_gut
CSM7KOOV	PRJNA398089	SRR5949275	PRJNA398089	SRR5950665	human_gut
MSM79H9G	PRJNA398089	SRR5949276	PRJNA398089	SRR5935968	human_gut
HSM5MD7S	PRJNA398089	SRR5949277	PRJNA398089	SRR5935936	human_gut
MSM6J2JZ	PRJNA398089	SRR5949278	PRJNA398089	SRR5935833	human_gut
CSM5MCWQ	PRJNA398089	SRR5949279	PRJNA398089	SRR5935887	human_gut
HSM5MD7K	PRJNA398089	SRR5949280	PRJNA398089	SRR5936086	human_gut
MSM6J2HP	PRJNA398089	SRR5949281	PRJNA398089	SRR5936084	human_gut
CSM5MCW6	PRJNA398089	SRR5949282	PRJNA398089	SRR5936088	human_gut
HSM5MD66	PRJNA398089	SRR5949283	PRJNA398089	SRR5936089	human_gut
MSM6J2J5	PRJNA398089	SRR5949284	PRJNA398089	SRR5935829	human_gut
MSM5LLDA	PRJNA398089	SRR5949285	PRJNA398089	SRR5935828	human_gut
MSM6J2JN	PRJNA398089	SRR5949286	PRJNA398089	SRR5935827	human_gut
HSM5MD4N	PRJNA398089	SRR5949287	PRJNA398089	SRR5936235	human_gut
CSM7KOL4	PRJNA398089	SRR5949288	PRJNA398089	SRR5935869	human_gut
PSM7J1A2	PRJNA398089	SRR5949289	PRJNA398089	SRR5935868	human_gut
HSM7CZ14	PRJNA398089	SRR5949290	PRJNA398089	SRR5936208	human_gut
HSM67VIL	PRJNA398089	SRR5949291	PRJNA398089	SRR5935871	human_gut
HSM7J4PQ	PRJNA398089	SRR5949292	PRJNA398089	SRR5935870	human_gut
MSM79HC4	PRJNA398089	SRR5949293	PRJNA398089	SRR5935866	human_gut
CSM7KOKR	PRJNA398089	SRR5949294	PRJNA398089	SRR5946854	human_gut
ESM7F5C5	PRJNA398089	SRR5949295	PRJNA398089	SRR5935867	human_gut
CSM7KOKJ	PRJNA398089	SRR5949296	PRJNA398089	SRR5947013	human_gut
CSM7KOJU	PRJNA398089	SRR5949297	PRJNA398089	SRR5946674	human_gut
HSM67VCZ	PRJNA398089	SRR5949298	PRJNA398089	SRR5935760	human_gut
MSM6J2R2	PRJNA398089	SRR5949299	PRJNA398089	SRR5935759	human_gut
CSM67U9D	PRJNA398089	SRR5949300	PRJNA398089	SRR5935754	human_gut
MSM6J2QR	PRJNA398089	SRR5949301	PRJNA398089	SRR5935753	human_gut
CSM67UBZ	PRJNA398089	SRR5949302	PRJNA398089	SRR5936012	human_gut
HSM5MD7U	PRJNA398089	SRR5949303	PRJNA398089	SRR5936017	human_gut
ESM718V8	PRJNA398089	SRR5949304	PRJNA398089	SRR5935757	human_gut
HSM6XRSG	PRJNA398089	SRR5949305	PRJNA398089	SRR5935752	human_gut
HSM67VEO	PRJNA398089	SRR5949306	PRJNA398089	SRR5936014	human_gut
HSM6XRQW	PRJNA398089	SRR5949307	PRJNA398089	SRR5936008	human_gut
MSM79H7Q	PRJNA398089	SRR5949308	PRJNA398089	SRR5936095	human_gut
CSM67UAK	PRJNA398089	SRR5949309	PRJNA398089	SRR5935931	human_gut
CSM5MCZ3	PRJNA398089	SRR5949310	PRJNA398089	SRR5936239	human_gut
CSM7KORC	PRJNA398089	SRR5949311	PRJNA398089	SRR5950734	human_gut
HSM6XRR7	PRJNA398089	SRR5949312	PRJNA398089	SRR5935935	human_gut
CSM5MCXR	PRJNA398089	SRR5949313	PRJNA398089	SRR5935933	human_gut
MSM6J2IO	PRJNA398089	SRR5949314	PRJNA398089	SRR5935932	human_gut
ESM5MEDF	PRJNA398089	SRR5949315	PRJNA398089	SRR5935934	human_gut
MSM6J2KM	PRJNA398089	SRR5949316	PRJNA398089	SRR5936236	human_gut
HSM7J4M8	PRJNA398089	SRR5949317	PRJNA398089	SRR5936094	human_gut
HSM6XRS4	PRJNA398089	SRR5949318	PRJNA398089	SRR5935905	human_gut
HSM6XRQK	PRJNA398089	SRR5949319	PRJNA398089	SRR5935906	human_gut
CSM7KOR2	PRJNA398089	SRR5949320	PRJNA398089	SRR5950790	human_gut
CSM67UGO	PRJNA398089	SRR5949321	PRJNA398089	SRR5936075	human_gut
ESM718TK	PRJNA398089	SRR5949322	PRJNA398089	SRR5936077	human_gut
MSM6J2MB	PRJNA398089	SRR5949323	PRJNA398089	SRR5936076	human_gut
HSM67VF9	PRJNA398089	SRR5949324	PRJNA398089	SRR5936071	human_gut
CSM79HJM	PRJNA398089	SRR5949325	PRJNA398089	SRR5946750	human_gut
ESM5MECL	PRJNA398089	SRR5949326	PRJNA398089	SRR5936070	human_gut
CSM79HGF	PRJNA398089	SRR5949327	PRJNA398089	SRR5935959	human_gut
MSM6J2R8	PRJNA398089	SRR5949328	PRJNA398089	SRR5936072	human_gut
MSM6J2HR	PRJNA398089	SRR5949329	PRJNA398089	SRR5935916	human_gut
HSM7J4QF	PRJNA398089	SRR5949330	PRJNA398089	SRR5936196	human_gut
MSM79HFY	PRJNA398089	SRR5949331	PRJNA398089	SRR5936195	human_gut
HSM7J4N4	PRJNA398089	SRR5949332	PRJNA398089	SRR5936028	human_gut
MSM79H7Y	PRJNA398089	SRR5949333	PRJNA398089	SRR5936099	human_gut
CSM7KOOD	PRJNA398089	SRR5949334	PRJNA398089	SRR5950527	human_gut
MSM9VZGO	PRJNA398089	SRR5949335	PRJNA398089	SRR5936105	human_gut
HSM7J4JN	PRJNA398089	SRR5949336	PRJNA398089	SRR5936102	human_gut
PSM7J186	PRJNA398089	SRR5949337	PRJNA398089	SRR5936103	human_gut
PSM7J177	PRJNA398089	SRR5949338	PRJNA398089	SRR5936187	human_gut
MSM79HC8	PRJNA398089	SRR5949339	PRJNA398089	SRR5936191	human_gut
PSM7J1AU	PRJNA398089	SRR5949340	PRJNA398089	SRR5936194	human_gut
HSM7CZ38	PRJNA398089	SRR5949341	PRJNA398089	SRR5936188	human_gut
CSM7KOKN	PRJNA398089	SRR5949342	PRJNA398089	SRR5950725	human_gut
MSM79HCK	PRJNA398089	SRR5949343	PRJNA398089	SRR5936198	human_gut
PSM7J1CC	PRJNA398089	SRR5949344	PRJNA398089	SRR5936193	human_gut
HSM7J4I3	PRJNA398089	SRR5949345	PRJNA398089	SRR5936192	human_gut
PSM6XBV2	PRJNA398089	SRR5949346	PRJNA398089	SRR5935982	human_gut
HSM6XRV6	PRJNA398089	SRR5949347	PRJNA398089	SRR5935983	human_gut
CSM79HLE	PRJNA398089	SRR5949348	PRJNA398089	SRR5935826	human_gut
CSM79HIL	PRJNA398089	SRR5949349	PRJNA398089	SRR5946873	human_gut
MSM6J2MJ	PRJNA398089	SRR5949350	PRJNA398089	SRR5935832	human_gut
PSM6XBSU	PRJNA398089	SRR5949351	PRJNA398089	SRR5936106	human_gut
CSM79HJA	PRJNA398089	SRR5949352	PRJNA398089	SRR5946871	human_gut
HSM67VG8	PRJNA398089	SRR5949353	PRJNA398089	SRR5936104	human_gut
CSM79HIX	PRJNA398089	SRR5949354	PRJNA398089	SRR5936108	human_gut
HSM7CYX4	PRJNA398089	SRR5949355	PRJNA398089	SRR5936107	human_gut
HSM7J4JZ	PRJNA398089	SRR5949356	PRJNA398089	SRR5935839	human_gut
PSM7J182	PRJNA398089	SRR5949357	PRJNA398089	SRR5935840	human_gut
PSM7J1A8	PRJNA398089	SRR5949358	PRJNA398089	SRR5935801	human_gut
MSM79HDC	PRJNA398089	SRR5949359	PRJNA398089	SRR5935800	human_gut
MSM79HEY	PRJNA398089	SRR5949360	PRJNA398089	SRR5935795	human_gut
PSM7J19J	PRJNA398089	SRR5949361	PRJNA398089	SRR5935806	human_gut
HSM7CYYD	PRJNA398089	SRR5949362	PRJNA398089	SRR5935802	human_gut
CSM79HR6	PRJNA398089	SRR5949363	PRJNA398089	SRR5950716	human_gut
MSM79HAJ	PRJNA398089	SRR5949364	PRJNA398089	SRR5935799	human_gut
HSM7J4G1	PRJNA398089	SRR5949365	PRJNA398089	SRR5935797	human_gut
CSM7KOKB	PRJNA398089	SRR5949366	PRJNA398089	SRR5950714	human_gut
CSM7KOMP	PRJNA398089	SRR5949367	PRJNA398089	SRR5935796	human_gut
HSM5MD43	PRJNA398089	SRR5949368	PRJNA398089	SRR5935969	human_gut
MSM6J2KC	PRJNA398089	SRR5949369	PRJNA398089	SRR5936085	human_gut
ESM5MEDN	PRJNA398089	SRR5949370	PRJNA398089	SRR5936184	human_gut
CSM5MCVN	PRJNA398089	SRR5949371	PRJNA398089	SRR5935841	human_gut
HSM5MD62	PRJNA398089	SRR5949372	PRJNA398089	SRR5936183	human_gut
HSM5MD5D	PRJNA398089	SRR5949373	PRJNA398089	SRR5935966	human_gut
MSM5LLF4	PRJNA398089	SRR5949374	PRJNA398089	SRR5936079	human_gut
ESM5MEBU	PRJNA398089	SRR5949375	PRJNA398089	SRR5936083	human_gut
CSM5MCWC	PRJNA398089	SRR5949376	PRJNA398089	SRR5936186	human_gut
CSM5MCXJ	PRJNA398089	SRR5949377	PRJNA398089	SRR5936080	human_gut
ESM7F5CB	PRJNA398089	SRR5949378	PRJNA398089	SRR5936203	human_gut
PSM7J19N	PRJNA398089	SRR5949379	PRJNA398089	SRR5936204	human_gut
CSM7KOK5	PRJNA398089	SRR5949380	PRJNA398089	SRR5936205	human_gut
CSM7KOJG	PRJNA398089	SRR5949381	PRJNA398089	SRR5936207	human_gut
PSM7J19P	PRJNA398089	SRR5949382	PRJNA398089	SRR5936201	human_gut
CSM79HR8	PRJNA398089	SRR5949383	PRJNA398089	SRR5946700	human_gut
HSM7CZ3C	PRJNA398089	SRR5949384	PRJNA398089	SRR5936206	human_gut
HSM7CZ32	PRJNA398089	SRR5949385	PRJNA398089	SRR5936200	human_gut
HSM7CYXA	PRJNA398089	SRR5949386	PRJNA398089	SRR5936209	human_gut
PSM6XBUI	PRJNA398089	SRR5949387	PRJNA398089	SRR5936202	human_gut
CSM67UAY	PRJNA398089	SRR5949388	PRJNA398089	SRR5936011	human_gut
HSM5MD6W	PRJNA398089	SRR5949389	PRJNA398089	SRR5936010	human_gut
CSM67UB9	PRJNA398089	SRR5949390	PRJNA398089	SRR5962905	human_gut
CSM67UDJ	PRJNA398089	SRR5949391	PRJNA398089	SRR5936009	human_gut
HSM67VD2	PRJNA398089	SRR5949392	PRJNA398089	SRR5936006	human_gut
CSM67UAO	PRJNA398089	SRR5949393	PRJNA398089	SRR5946754	human_gut
HSM6XRSI	PRJNA398089	SRR5949394	PRJNA398089	SRR5935997	human_gut
HSM6XRST	PRJNA398089	SRR5949395	PRJNA398089	SRR5936001	human_gut
HSM6XRQM	PRJNA398089	SRR5949396	PRJNA398089	SRR5935998	human_gut
CSM67UE7	PRJNA398089	SRR5949397	PRJNA398089	SRR5935999	human_gut
HSM7J4IP	PRJNA398089	SRR5949398	PRJNA398089	SRR5935949	human_gut
PSM7J193	PRJNA398089	SRR5949399	PRJNA398089	SRR5936093	human_gut
HSM5MD7O	PRJNA398089	SRR5949400	PRJNA398089	SRR5935941	human_gut
HSM5MD3Y	PRJNA398089	SRR5949401	PRJNA398089	SRR5935940	human_gut
HSM5MD6A	PRJNA398089	SRR5949402	PRJNA398089	SRR5935939	human_gut
HSM6XRQB	PRJNA398089	SRR5949403	PRJNA398089	SRR5935765	human_gut
CSM7KOO9	PRJNA398089	SRR5949404	PRJNA398089	SRR5950486	human_gut
CSM5MCZB	PRJNA398089	SRR5949405	PRJNA398089	SRR5935945	human_gut
CSM5MCXN	PRJNA398089	SRR5949406	PRJNA398089	SRR5935909	human_gut
ESM5GEXY	PRJNA398089	SRR5949407	PRJNA398089	SRR5935911	human_gut
HSM6XRT8	PRJNA398089	SRR5949408	PRJNA398089	SRR5935915	human_gut
HSM6XRSX	PRJNA398089	SRR5949409	PRJNA398089	SRR5935769	human_gut
CSM7KOPK	PRJNA398089	SRR5949410	PRJNA398089	SRR5950484	human_gut
HSM7J4MK	PRJNA398089	SRR5949411	PRJNA398089	SRR5935948	human_gut
HSM5MD5P	PRJNA398089	SRR5949412	PRJNA398089	SRR5935918	human_gut
PSM7J18I	PRJNA398089	SRR5949413	PRJNA398089	SRR5936101	human_gut
CSM79HID	PRJNA398089	SRR5949414	PRJNA398089	SRR5936030	human_gut
HSM6XRUR	PRJNA398089	SRR5949415	PRJNA398089	SRR5936033	human_gut
HSM67VHB	PRJNA398089	SRR5949416	PRJNA398089	SRR5936029	human_gut
CSM79HJW	PRJNA398089	SRR5949417	PRJNA398089	SRR5936218	human_gut
HSM67VF3	PRJNA398089	SRR5949418	PRJNA398089	SRR5936041	human_gut
HSM67VEU	PRJNA398089	SRR5949419	PRJNA398089	SRR5936037	human_gut
HSM67VFZ	PRJNA398089	SRR5949420	PRJNA398089	SRR5936031	human_gut
CSM79HH4	PRJNA398089	SRR5949421	PRJNA398089	SRR5947037	human_gut
MSM9VZEU	PRJNA398089	SRR5949422	PRJNA398089	SRR5936092	human_gut
CSM79HIF	PRJNA398089	SRR5949423	PRJNA398089	SRR5946749	human_gut
CSM79HI3	PRJNA398089	SRR5949424	PRJNA398089	SRR5936222	human_gut
HSM7J4JJ	PRJNA398089	SRR5949425	PRJNA398089	SRR5936091	human_gut
MSM79H87	PRJNA398089	SRR5949426	PRJNA398089	SRR5935872	human_gut
MSM79HB6	PRJNA398089	SRR5949427	PRJNA398089	SRR5935850	human_gut
HSM7J4LN	PRJNA398089	SRR5949428	PRJNA398089	SRR5935851	human_gut
PSM7J17F	PRJNA398089	SRR5949429	PRJNA398089	SRR5936096	human_gut
MSM6J2K2	PRJNA398089	SRR5949430	PRJNA398089	SRR5935914	human_gut
HSM7J4NE	PRJNA398089	SRR5949431	PRJNA398089	SRR5936174	human_gut
PSM7J18K	PRJNA398089	SRR5949432	PRJNA398089	SRR5935861	human_gut
PSM7J136	PRJNA398089	SRR5949433	PRJNA398089	SRR5936172	human_gut
CSM7KOPO	PRJNA398089	SRR5949434	PRJNA398089	SRR5950771	human_gut
CSM7KORU	PRJNA398089	SRR5949435	PRJNA398089	SRR5950772	human_gut
MSM79H83	PRJNA398089	SRR5949436	PRJNA398089	SRR5936098	human_gut
CSM79HPS	PRJNA398089	SRR5949437	PRJNA398089	SRR5935865	human_gut
PSM7J1AM	PRJNA398089	SRR5949438	PRJNA398089	SRR5935864	human_gut
ESM718T7	PRJNA398089	SRR5949439	PRJNA398089	SRR5935886	human_gut
HSM6XRVW	PRJNA398089	SRR5949440	PRJNA398089	SRR5935874	human_gut
HSM7J4PS	PRJNA398089	SRR5949441	PRJNA398089	SRR5935873	human_gut
HSM7CYXC	PRJNA398089	SRR5949442	PRJNA398089	SRR5935930	human_gut
MSM79HEU	PRJNA398089	SRR5949443	PRJNA398089	SRR5936081	human_gut
CSM79HR2	PRJNA398089	SRR5949444	PRJNA398089	SRR5946648	human_gut
HSM7CZ2Z	PRJNA398089	SRR5949445	PRJNA398089	SRR5936128	human_gut
CSM79HN6	PRJNA398089	SRR5949446	PRJNA398089	SRR5946941	human_gut
HSM67VFJ	PRJNA398089	SRR5949447	PRJNA398089	SRR5936129	human_gut
HSM6XRVK	PRJNA398089	SRR5949448	PRJNA398089	SRR5936130	human_gut
CSM79HMT	PRJNA398089	SRR5949449	PRJNA398089	SRR5936185	human_gut
CSM79HPC	PRJNA398089	SRR5949450	PRJNA398089	SRR5947074	human_gut
HSM7CYXI	PRJNA398089	SRR5949451	PRJNA398089	SRR5936141	human_gut
HSM7CYYH	PRJNA398089	SRR5949452	PRJNA398089	SRR5936127	human_gut
HSM7J4PO	PRJNA398089	SRR5949453	PRJNA398089	SRR5935885	human_gut
HSM67VGY	PRJNA398089	SRR5949454	PRJNA398089	SRR5935883	human_gut
CSM7KOO5	PRJNA398089	SRR5949455	PRJNA398089	SRR5950636	human_gut
HSM7J4OZ	PRJNA398089	SRR5949456	PRJNA398089	SRR5935779	human_gut
MSM9VZF1	PRJNA398089	SRR5949457	PRJNA398089	SRR5935777	human_gut
CSM7KOSP	PRJNA398089	SRR5949458	PRJNA398089	SRR5950565	human_gut
MSM9VZMO	PRJNA398089	SRR5949459	PRJNA398089	SRR5935778	human_gut
PSM7J18Q	PRJNA398089	SRR5949460	PRJNA398089	SRR5935775	human_gut
HSM7J4K6	PRJNA398089	SRR5949461	PRJNA398089	SRR5935776	human_gut
HSM7J4O3	PRJNA398089	SRR5949462	PRJNA398089	SRR5935772	human_gut
CSM7KOU9	PRJNA398089	SRR5949463	PRJNA398089	SRR5950609	human_gut
HSM5MD48	PRJNA398089	SRR5949464	PRJNA398089	SRR5935853	human_gut
MSM5LLDC	PRJNA398089	SRR5949465	PRJNA398089	SRR5935854	human_gut
MSM5LLEP	PRJNA398089	SRR5949466	PRJNA398089	SRR5935855	human_gut
MSM6J2HB	PRJNA398089	SRR5949467	PRJNA398089	SRR5935856	human_gut
CSM5MCY4	PRJNA398089	SRR5949468	PRJNA398089	SRR5936178	human_gut
MSM6J2J3	PRJNA398089	SRR5949469	PRJNA398089	SRR5936177	human_gut
MSM6J2IQ	PRJNA398089	SRR5949470	PRJNA398089	SRR5935862	human_gut
CSM5MCXH	PRJNA398089	SRR5949471	PRJNA398089	SRR5935863	human_gut
MSM5LLHC	PRJNA398089	SRR5949472	PRJNA398089	SRR5936181	human_gut
CSM5MCXT	PRJNA398089	SRR5949473	PRJNA398089	SRR5936179	human_gut
HSM67VEE	PRJNA398089	SRR5949474	PRJNA398089	SRR5936155	human_gut
HSM6XRRB	PRJNA398089	SRR5949475	PRJNA398089	SRR5936161	human_gut
CSM5MCY8	PRJNA398089	SRR5949476	PRJNA398089	SRR5935919	human_gut
CSM67UCK	PRJNA398089	SRR5949477	PRJNA398089	SRR5936002	human_gut
HSM6XRRJ	PRJNA398089	SRR5949478	PRJNA398089	SRR5936000	human_gut
HSM67VEC	PRJNA398089	SRR5949479	PRJNA398089	SRR5936004	human_gut
HSM6XRRV	PRJNA398089	SRR5949480	PRJNA398089	SRR5936003	human_gut
MSM6J2QH	PRJNA398089	SRR5949481	PRJNA398089	SRR5935995	human_gut
HSM6XRUL	PRJNA398089	SRR5949482	PRJNA398089	SRR5936156	human_gut
CSM67UDN	PRJNA398089	SRR5949483	PRJNA398089	SRR5936157	human_gut
CSM67UFZ	PRJNA398089	SRR5949484	PRJNA398089	SRR5936158	human_gut
CSM5MCXL	PRJNA398089	SRR5949485	PRJNA398089	SRR5935830	human_gut
CSM5MCWE	PRJNA398089	SRR5949486	PRJNA398089	SRR5935831	human_gut
HSM5MD6Y	PRJNA398089	SRR5949487	PRJNA398089	SRR5935834	human_gut
MSM6J2RC	PRJNA398089	SRR5949488	PRJNA398089	SRR5935986	human_gut
MSM79H54	PRJNA398089	SRR5949489	PRJNA398089	SRR5935984	human_gut
CSM79HKT	PRJNA398089	SRR5949490	PRJNA398089	SRR5935980	human_gut
CSM79HO1	PRJNA398089	SRR5949491	PRJNA398089	SRR5935979	human_gut
MSM6J2SK	PRJNA398089	SRR5949492	PRJNA398089	SRR5935985	human_gut
MSM79H5G	PRJNA398089	SRR5949493	PRJNA398089	SRR5935981	human_gut
CSM79HNO	PRJNA398089	SRR5949494	PRJNA398089	SRR5946940	human_gut
CSM79HJS	PRJNA398089	SRR5949495	PRJNA398089	SRR5946694	human_gut
ESM718TF	PRJNA398089	SRR5949496	PRJNA398089	SRR5935896	human_gut
HSM7CYX2	PRJNA398089	SRR5949497	PRJNA398089	SRR5935897	human_gut
HSM5MD6I	PRJNA398089	SRR5949498	PRJNA398089	SRR5935770	human_gut
MSM6J2KE	PRJNA398089	SRR5949499	PRJNA398089	SRR5935913	human_gut
MSM6J2JP	PRJNA398089	SRR5949500	PRJNA398089	SRR5935912	human_gut
HSM7J4MA	PRJNA398089	SRR5949501	PRJNA398089	SRR5936171	human_gut
CSM7KOSL	PRJNA398089	SRR5949502	PRJNA398089	SRR5950776	human_gut
MSM9VZFL	PRJNA398089	SRR5949503	PRJNA398089	SRR5936168	human_gut
MSM9VZEW	PRJNA398089	SRR5949504	PRJNA398089	SRR5936167	human_gut
HSM7J4IR	PRJNA398089	SRR5949505	PRJNA398089	SRR5936170	human_gut
PSM7J184	PRJNA398089	SRR5949506	PRJNA398089	SRR5936169	human_gut
CSM7KOPM	PRJNA398089	SRR5949507	PRJNA398089	SRR5950504	human_gut
HSM7J4KC	PRJNA398089	SRR5949508	PRJNA398089	SRR5936165	human_gut
CSM7KOSX	PRJNA398089	SRR5949509	PRJNA398089	SRR5950775	human_gut
PSM7J1CU	PRJNA398089	SRR5949510	PRJNA398089	SRR5936164	human_gut
CSM7KOPW	PRJNA398089	SRR5949511	PRJNA398089	SRR5950485	human_gut
MSM79H9W	PRJNA398089	SRR5949512	PRJNA398089	SRR5936097	human_gut
PSM7J179	PRJNA398089	SRR5949513	PRJNA398089	SRR5936055	human_gut
CSM7KOMB	PRJNA398089	SRR5949514	PRJNA398089	SRR5950681	human_gut
HSM7J4GD	PRJNA398089	SRR5949515	PRJNA398089	SRR5936060	human_gut
HSM7J4HO	PRJNA398089	SRR5949516	PRJNA398089	SRR5936059	human_gut
PSM6XBUQ	PRJNA398089	SRR5949517	PRJNA398089	SRR5935803	human_gut
CSM7KOLA	PRJNA398089	SRR5949518	PRJNA398089	SRR5935804	human_gut
CSM7KOLM	PRJNA398089	SRR5949519	PRJNA398089	SRR5950680	human_gut
HSM7J4PW	PRJNA398089	SRR5949520	PRJNA398089	SRR5936054	human_gut
HSM7J4R2	PRJNA398089	SRR5949521	PRJNA398089	SRR5936065	human_gut
HSM7J4PK	PRJNA398089	SRR5949522	PRJNA398089	SRR5936061	human_gut
CSM7KOPS	PRJNA398089	SRR5949523	PRJNA398089	SRR5950674	human_gut
CSM7KOMT	PRJNA398089	SRR5949524	PRJNA398089	SRR5935748	human_gut
CSM7KOKZ	PRJNA398089	SRR5949525	PRJNA398089	SRR5950635	human_gut
PSM7J1BR	PRJNA398089	SRR5949526	PRJNA398089	SRR5936139	human_gut
MSM79HCR	PRJNA398089	SRR5949527	PRJNA398089	SRR5936137	human_gut
HSM7CYYB	PRJNA398089	SRR5949528	PRJNA398089	SRR5936138	human_gut
HSM7J4PM	PRJNA398089	SRR5949529	PRJNA398089	SRR5936135	human_gut
PSM7J17B	PRJNA398089	SRR5949530	PRJNA398089	SRR5936136	human_gut
HSM7J4QJ	PRJNA398089	SRR5949531	PRJNA398089	SRR5936175	human_gut
HSM7J4PY	PRJNA398089	SRR5949532	PRJNA398089	SRR5936133	human_gut
HSM67VGC	PRJNA398089	SRR5949533	PRJNA398089	SRR5936213	human_gut
CSM79HIJ	PRJNA398089	SRR5949534	PRJNA398089	SRR5946657	human_gut
MSM6J2QD	PRJNA398089	SRR5949535	PRJNA398089	SRR5935746	human_gut
CSM67UEI	PRJNA398089	SRR5949536	PRJNA398089	SRR5935742	human_gut
HSM67VEM	PRJNA398089	SRR5949537	PRJNA398089	SRR5936125	human_gut
MSM79H5E	PRJNA398089	SRR5949538	PRJNA398089	SRR5935740	human_gut
HSM67VIB	PRJNA398089	SRR5949539	PRJNA398089	SRR5936126	human_gut
HSM6XRVO	PRJNA398089	SRR5949540	PRJNA398089	SRR5936122	human_gut
HSM67VHF	PRJNA398089	SRR5949541	PRJNA398089	SRR5936120	human_gut
HSM7CYZ7	PRJNA398089	SRR5949542	PRJNA398089	SRR5936124	human_gut
HSM6XRV4	PRJNA398089	SRR5949543	PRJNA398089	SRR5936123	human_gut
CSM79HRC	PRJNA398089	SRR5949544	PRJNA398089	SRR5946784	human_gut
CSM79HHU	PRJNA398089	SRR5949545	PRJNA398089	SRR5946653	human_gut
CSM79HOZ	PRJNA398089	SRR5949546	PRJNA398089	SRR5946946	human_gut
MSM6J2OP	PRJNA398089	SRR5949547	PRJNA398089	SRR5936053	human_gut
CSM79HH8	PRJNA398089	SRR5949548	PRJNA398089	SRR5946908	human_gut
CSM79HGX	PRJNA398089	SRR5949549	PRJNA398089	SRR5946740	human_gut
PSM6XBVK	PRJNA398089	SRR5949550	PRJNA398089	SRR5936047	human_gut
ESM7F5AK	PRJNA398089	SRR5949551	PRJNA398089	SRR5936050	human_gut
CSM79HIT	PRJNA398089	SRR5949552	PRJNA398089	SRR5936046	human_gut
HSM67VFD	PRJNA398089	SRR5949553	PRJNA398089	SRR5936044	human_gut
HSM7CYZT	PRJNA398089	SRR5949554	PRJNA398089	SRR5936048	human_gut
HSM7J4K4	PRJNA398089	SRR5949555	PRJNA398089	SRR5936078	human_gut
HSM7J4MC	PRJNA398089	SRR5949556	PRJNA398089	SRR5936067	human_gut
MSM9VZMM	PRJNA398089	SRR5949557	PRJNA398089	SRR5936197	human_gut
MSM9VZEY	PRJNA398089	SRR5949558	PRJNA398089	SRR5936199	human_gut
MSM79HBB	PRJNA398089	SRR5949559	PRJNA398089	SRR5935825	human_gut
CSM7KOOR	PRJNA398089	SRR5949560	PRJNA398089	SRR5950530	human_gut
HSM7J4K2	PRJNA398089	SRR5949561	PRJNA398089	SRR5935852	human_gut
HSM7J4JD	PRJNA398089	SRR5949562	PRJNA398089	SRR5935822	human_gut
CSM7KOTC	PRJNA398089	SRR5949563	PRJNA398089	SRR5950564	human_gut
HSM7J4IS	PRJNA398089	SRR5949564	PRJNA398089	SRR5936090	human_gut
PSM7J18M	PRJNA398089	SRR5949565	PRJNA398089	SRR5936147	human_gut
MSM79H9Y	PRJNA398089	SRR5949566	PRJNA398089	SRR5936115	human_gut
PSM7J19F	PRJNA398089	SRR5949567	PRJNA398089	SRR5936116	human_gut
MSM79HF5	PRJNA398089	SRR5949568	PRJNA398089	SRR5935884	human_gut
PSM7J17V	PRJNA398089	SRR5949569	PRJNA398089	SRR5935818	human_gut
HSM7J4MS	PRJNA398089	SRR5949570	PRJNA398089	SRR5935819	human_gut
CSM7KONU	PRJNA398089	SRR5949571	PRJNA398089	SRR5936190	human_gut
MSM79HAL	PRJNA398089	SRR5949572	PRJNA398089	SRR5936140	human_gut
HSM7J4HQ	PRJNA398089	SRR5949573	PRJNA398089	SRR5935987	human_gut
MSM79HDE	PRJNA398089	SRR5949574	PRJNA398089	SRR5935988	human_gut
MSM79HA3	PRJNA398089	SRR5949575	PRJNA398089	SRR5935989	human_gut
HSM7J4GR	PRJNA398089	SRR5949576	PRJNA398089	SRR5935993	human_gut
CSM79HNU	PRJNA398089	SRR5949577	PRJNA398089	SRR5946826	human_gut
HSM7CYX8	PRJNA398089	SRR5949578	PRJNA398089	SRR5935880	human_gut
MSM79H5Y	PRJNA398089	SRR5949579	PRJNA398089	SRR5935876	human_gut
PSM7J19B	PRJNA398089	SRR5949580	PRJNA398089	SRR5935877	human_gut
HSM67VH1	PRJNA398089	SRR5949581	PRJNA398089	SRR5936142	human_gut
HSM7CZ1Z	PRJNA398089	SRR5949582	PRJNA398089	SRR5935881	human_gut
HSM7CZ3A	PRJNA398089	SRR5949583	PRJNA398089	SRR5935882	human_gut
PSM6XBUG	PRJNA398089	SRR5949584	PRJNA398089	SRR5935879	human_gut
HSM7J4NY	PRJNA398089	SRR5949585	PRJNA398089	SRR5950717	human_gut
MSM79H7M	PRJNA398089	SRR5949586	PRJNA398089	SRR5935782	human_gut
HSM7J4ME	PRJNA398089	SRR5949587	PRJNA398089	SRR5936027	human_gut
HSM6XRR5	PRJNA398089	SRR5949588	PRJNA398089	SRR5936042	human_gut
MSM6J2JD	PRJNA398089	SRR5949589	PRJNA398089	SRR5936040	human_gut
HSM5MD41	PRJNA398089	SRR5949590	PRJNA398089	SRR5936039	human_gut
MSM6J2LJ	PRJNA398089	SRR5949591	PRJNA398089	SRR5936038	human_gut
HSM6XRSN	PRJNA398089	SRR5949592	PRJNA398089	SRR5936045	human_gut
CSM5MCZF	PRJNA398089	SRR5949593	PRJNA398089	SRR5936166	human_gut
MSM6J2JR	PRJNA398089	SRR5949594	PRJNA398089	SRR5935784	human_gut
ESM5MED2	PRJNA398089	SRR5949595	PRJNA398089	SRR5936049	human_gut
MSM6J2HT	PRJNA398089	SRR5949596	PRJNA398089	SRR5935749	human_gut
HSM5MD73	PRJNA398089	SRR5949597	PRJNA398089	SRR5936220	human_gut
CSM5MCXP	PRJNA398089	SRR5949598	PRJNA398089	SRR5936224	human_gut
CSM67UA2	PRJNA398089	SRR5949599	PRJNA398089	SRR5935780	human_gut
ESM5MEB7	PRJNA398089	SRR5949600	PRJNA398089	SRR5935947	human_gut
CSM67U9H	PRJNA398089	SRR5949601	PRJNA398089	SRR5935767	human_gut
CSM5MCZD	PRJNA398089	SRR5949602	PRJNA398089	SRR5935946	human_gut
HSM5MD6K	PRJNA398089	SRR5949603	PRJNA398089	SRR5935764	human_gut
HSM5MD7Q	PRJNA398089	SRR5949604	PRJNA398089	SRR5936223	human_gut
CSM5MCY2	PRJNA398089	SRR5949605	PRJNA398089	SRR5936163	human_gut
MSM6J2SE	PRJNA398089	SRR5949606	PRJNA398089	SRR5936035	human_gut
MSM6J2PK	PRJNA398089	SRR5949607	PRJNA398089	SRR5936036	human_gut
PSM6XBSE	PRJNA398089	SRR5949608	PRJNA398089	SRR5935961	human_gut
MSM9VZOU	PRJNA398089	SRR5950246	PRJNA398089	SRR5947080	human_gut
HSMA33O3	PRJNA398089	SRR5950247	PRJNA398089	SRR5947083	human_gut
PSM7J15S	PRJNA398089	SRR5950248	PRJNA398089	SRR5947077	human_gut
HSMA33OR	PRJNA398089	SRR5950249	PRJNA398089	SRR5946855	human_gut
PSM7J163	PRJNA398089	SRR5950250	PRJNA398089	SRR5947079	human_gut
PSM7J14R	PRJNA398089	SRR5950251	PRJNA398089	SRR5947078	human_gut
PSM7J14T	PRJNA398089	SRR5950252	PRJNA398089	SRR5947087	human_gut
MSM9VZJZ	PRJNA398089	SRR5950253	PRJNA398089	SRR5947081	human_gut
MSMB4LYH	PRJNA398089	SRR5950254	PRJNA398089	SRR5946709	human_gut
MSM5LLDI	PRJNA398089	SRR5950255	PRJNA398089	SRR5946771	human_gut
MSM5LLDK	PRJNA398089	SRR5950256	PRJNA398089	SRR5946775	human_gut
PSMB4MC5	PRJNA398089	SRR5950257	PRJNA398089	SRR5946710	human_gut
CSM9X22S	PRJNA398089	SRR5950258	PRJNA398089	SRR5950514	human_gut
PSMA267R	PRJNA398089	SRR5950259	PRJNA398089	SRR5946765	human_gut
HSMA33QY	PRJNA398089	SRR5950260	PRJNA398089	SRR5946767	human_gut
HSMA33PZ	PRJNA398089	SRR5950261	PRJNA398089	SRR5946764	human_gut
MSM5LLDU	PRJNA398089	SRR5950262	PRJNA398089	SRR5946769	human_gut
MSM5LLDM	PRJNA398089	SRR5950263	PRJNA398089	SRR5946770	human_gut
PSMA267H	PRJNA398089	SRR5950264	PRJNA398089	SRR5946766	human_gut
MSM5LLDQ	PRJNA398089	SRR5950265	PRJNA398089	SRR5946768	human_gut
PSM7J4EF	PRJNA398089	SRR5950266	PRJNA398089	SRR5946734	human_gut
HSMA33IA	PRJNA398089	SRR5950267	PRJNA398089	SRR5946738	human_gut
HSMA33P6	PRJNA398089	SRR5950268	PRJNA398089	SRR5946732	human_gut
HSMA33OD	PRJNA398089	SRR5950269	PRJNA398089	SRR5946736	human_gut
MSM9VZKC	PRJNA398089	SRR5950270	PRJNA398089	SRR5946731	human_gut
CSMAIG7X	PRJNA398089	SRR5950271	PRJNA398089	SRR5950539	human_gut
HSMA33OT	PRJNA398089	SRR5950272	PRJNA398089	SRR5947084	human_gut
PSM7J15U	PRJNA398089	SRR5950273	PRJNA398089	SRR5946735	human_gut
CSM9X1YV	PRJNA398089	SRR5950274	PRJNA398089	SRR5950587	human_gut
MSM9VZMI	PRJNA398089	SRR5950275	PRJNA398089	SRR5946737	human_gut
PSMA267P	PRJNA398089	SRR5950276	PRJNA398089	SRR5946763	human_gut
HSMA33LJ	PRJNA398089	SRR5950277	PRJNA398089	SRR5946717	human_gut
CSM9X22K	PRJNA398089	SRR5950278	PRJNA398089	SRR5950551	human_gut
MSMA26BR	PRJNA398089	SRR5950279	PRJNA398089	SRR5946723	human_gut
MSM9VZI6	PRJNA398089	SRR5950280	PRJNA398089	SRR5946725	human_gut
MSMA26AV	PRJNA398089	SRR5950281	PRJNA398089	SRR5946722	human_gut
PSMA269G	PRJNA398089	SRR5950282	PRJNA398089	SRR5946727	human_gut
PSMA269S	PRJNA398089	SRR5950283	PRJNA398089	SRR5946724	human_gut
HSMA33MK	PRJNA398089	SRR5950284	PRJNA398089	SRR5946718	human_gut
HSMA33LH	PRJNA398089	SRR5950285	PRJNA398089	SRR5946726	human_gut
HSMA33M8	PRJNA398089	SRR5950286	PRJNA398089	SRR5946894	human_gut
HSMA33RF	PRJNA398089	SRR5950287	PRJNA398089	SRR5946898	human_gut
CSM9X23B	PRJNA398089	SRR5950288	PRJNA398089	SRR5950553	human_gut
MSMB4LXY	PRJNA398089	SRR5950289	PRJNA398089	SRR5946639	human_gut
PSMB4MBK	PRJNA398089	SRR5950290	PRJNA398089	SRR5946635	human_gut
MSMAPC64	PRJNA398089	SRR5950291	PRJNA398089	SRR5946637	human_gut
CSM9X23N	PRJNA398089	SRR5950292	PRJNA398089	SRR5950710	human_gut
HSMA33RT	PRJNA398089	SRR5950293	PRJNA398089	SRR5946636	human_gut
MSMB4LXW	PRJNA398089	SRR5950294	PRJNA398089	SRR5946632	human_gut
MSMAPC5D	PRJNA398089	SRR5950295	PRJNA398089	SRR5946630	human_gut
CSM9X219	PRJNA398089	SRR5950296	PRJNA398089	SRR5950623	human_gut
PSMA265X	PRJNA398089	SRR5950297	PRJNA398089	SRR5946743	human_gut
PSMA264S	PRJNA398089	SRR5950298	PRJNA398089	SRR5947062	human_gut
PSMA265N	PRJNA398089	SRR5950299	PRJNA398089	SRR5946926	human_gut
MSM9VZKE	PRJNA398089	SRR5950300	PRJNA398089	SRR5946925	human_gut
MSM9VZL5	PRJNA398089	SRR5950301	PRJNA398089	SRR5946924	human_gut
HSMA33SK	PRJNA398089	SRR5950302	PRJNA398089	SRR5946708	human_gut
MSMB4LZ8	PRJNA398089	SRR5950303	PRJNA398089	SRR5946707	human_gut
MSMAPC5L	PRJNA398089	SRR5950304	PRJNA398089	SRR5946891	human_gut
MSMAPC6G	PRJNA398089	SRR5950305	PRJNA398089	SRR5946887	human_gut
HSMA33RD	PRJNA398089	SRR5950306	PRJNA398089	SRR5946888	human_gut
CSM9X237	PRJNA398089	SRR5950307	PRJNA398089	SRR5950556	human_gut
MSMAPC7T	PRJNA398089	SRR5950308	PRJNA398089	SRR5946825	human_gut
MSMAPC59	PRJNA398089	SRR5950309	PRJNA398089	SRR5946892	human_gut
PSMA269O	PRJNA398089	SRR5950310	PRJNA398089	SRR5946893	human_gut
MSMAPC6K	PRJNA398089	SRR5950311	PRJNA398089	SRR5946889	human_gut
MSMB4LZR	PRJNA398089	SRR5950312	PRJNA398089	SRR5946714	human_gut
MSMB4LZC	PRJNA398089	SRR5950313	PRJNA398089	SRR5946713	human_gut
HSMA33SI	PRJNA398089	SRR5950314	PRJNA398089	SRR5946712	human_gut
MSMB4LZX	PRJNA398089	SRR5950315	PRJNA398089	SRR5946711	human_gut
HSMA33Q6	PRJNA398089	SRR5950316	PRJNA398089	SRR5946886	human_gut
PSMA26A3	PRJNA398089	SRR5950317	PRJNA398089	SRR5946890	human_gut
PSMB4MC7	PRJNA398089	SRR5950318	PRJNA398089	SRR5946633	human_gut
PSMB4MBS	PRJNA398089	SRR5950319	PRJNA398089	SRR5946634	human_gut
HSMA33IC	PRJNA398089	SRR5950320	PRJNA398089	SRR5946809	human_gut
CSM9X1Z4	PRJNA398089	SRR5950321	PRJNA398089	SRR5950616	human_gut
HSMA33SG	PRJNA398089	SRR5950322	PRJNA398089	SRR5946640	human_gut
HSMA33KE	PRJNA398089	SRR5950323	PRJNA398089	SRR5946807	human_gut
HSMA33JR	PRJNA398089	SRR5950324	PRJNA398089	SRR5946678	human_gut
PSMA2668	PRJNA398089	SRR5950325	PRJNA398089	SRR5946677	human_gut
HSMA33J3	PRJNA398089	SRR5950326	PRJNA398089	SRR5946931	human_gut
HSMA33IK	PRJNA398089	SRR5950327	PRJNA398089	SRR5946932	human_gut
HSMA33OZ	PRJNA398089	SRR5950328	PRJNA398089	SRR5947016	human_gut
MSMA26DM	PRJNA398089	SRR5950329	PRJNA398089	SRR5947017	human_gut
PSMA265L	PRJNA398089	SRR5950330	PRJNA398089	SRR5946676	human_gut
MSM9VZP3	PRJNA398089	SRR5950331	PRJNA398089	SRR5946679	human_gut
CSM9X1Y3	PRJNA398089	SRR5950332	PRJNA398089	SRR5950580	human_gut
MSM9VZJB	PRJNA398089	SRR5950333	PRJNA398089	SRR5947020	human_gut
MSMA267V	PRJNA398089	SRR5950334	PRJNA398089	SRR5947018	human_gut
MSM9VZKI	PRJNA398089	SRR5950335	PRJNA398089	SRR5947019	human_gut
CSMA9J65	PRJNA398089	SRR5950336	PRJNA398089	SRR5950645	human_gut
MSM9VZLP	PRJNA398089	SRR5950337	PRJNA398089	SRR5935978	human_gut
HSM7J4K8	PRJNA398089	SRR5950338	PRJNA398089	SRR5936144	human_gut
CSM7KOUL	PRJNA398089	SRR5950339	PRJNA398089	SRR5950650	human_gut
HSM7J4N6	PRJNA398089	SRR5950340	PRJNA398089	SRR5936145	human_gut
PSM7J12R	PRJNA398089	SRR5950341	PRJNA398089	SRR5936146	human_gut
MSM9VZF3	PRJNA398089	SRR5950342	PRJNA398089	SRR5935923	human_gut
PSM7J15W	PRJNA398089	SRR5950343	PRJNA398089	SRR5935921	human_gut
PSM7J14L	PRJNA398089	SRR5950344	PRJNA398089	SRR5935920	human_gut
MSM9VZFF	PRJNA398089	SRR5950345	PRJNA398089	SRR5936143	human_gut
MSM9VZOQ	PRJNA398089	SRR5950346	PRJNA398089	SRR5946808	human_gut
MSM9VZLT	PRJNA398089	SRR5950347	PRJNA398089	SRR5946929	human_gut
MSMA26BX	PRJNA398089	SRR5950348	PRJNA398089	SRR5946834	human_gut
MSMAPC7J	PRJNA398089	SRR5950349	PRJNA398089	SRR5946831	human_gut
MSMAPC6A	PRJNA398089	SRR5950350	PRJNA398089	SRR5946833	human_gut
PSMA269W	PRJNA398089	SRR5950351	PRJNA398089	SRR5946835	human_gut
MSMAPC7R	PRJNA398089	SRR5950352	PRJNA398089	SRR5946829	human_gut
CSM9X235	PRJNA398089	SRR5950353	PRJNA398089	SRR5950595	human_gut
HSMA33M2	PRJNA398089	SRR5950354	PRJNA398089	SRR5946830	human_gut
CSM9X22U	PRJNA398089	SRR5950355	PRJNA398089	SRR5950591	human_gut
HSMA33RX	PRJNA398089	SRR5950356	PRJNA398089	SRR5946705	human_gut
MSMB4LYB	PRJNA398089	SRR5950357	PRJNA398089	SRR5946706	human_gut
HSMA33R5	PRJNA398089	SRR5950358	PRJNA398089	SRR5946827	human_gut
HSMA33QO	PRJNA398089	SRR5950359	PRJNA398089	SRR5946828	human_gut
MSMB4LZK	PRJNA398089	SRR5950360	PRJNA398089	SRR5947057	human_gut
MSM9VZIY	PRJNA398089	SRR5950361	PRJNA398089	SRR5947023	human_gut
MSM9VZHJ	PRJNA398089	SRR5950362	PRJNA398089	SRR5947022	human_gut
PSMA266I	PRJNA398089	SRR5950363	PRJNA398089	SRR5946813	human_gut
MSM9VZHB	PRJNA398089	SRR5950364	PRJNA398089	SRR5946803	human_gut
PSMA264U	PRJNA398089	SRR5950365	PRJNA398089	SRR5946804	human_gut
HSMA33JD	PRJNA398089	SRR5950366	PRJNA398089	SRR5946805	human_gut
MSM9VZP1	PRJNA398089	SRR5950367	PRJNA398089	SRR5947021	human_gut
MSM9VZIM	PRJNA398089	SRR5950368	PRJNA398089	SRR5947025	human_gut
HSMA33J5	PRJNA398089	SRR5950369	PRJNA398089	SRR5947024	human_gut
MSM9VZLB	PRJNA398089	SRR5950370	PRJNA398089	SRR5946905	human_gut
PSM7J15O	PRJNA398089	SRR5950371	PRJNA398089	SRR5935836	human_gut
PSM7J14N	PRJNA398089	SRR5950372	PRJNA398089	SRR5935878	human_gut
HSMA33NA	PRJNA398089	SRR5950373	PRJNA398089	SRR5936149	human_gut
MSM9VZES	PRJNA398089	SRR5950374	PRJNA398089	SRR5936148	human_gut
MSM79H7G	PRJNA398089	SRR5950375	PRJNA398089	SRR5936152	human_gut
PSM7J13M	PRJNA398089	SRR5950376	PRJNA398089	SRR5936151	human_gut
CSM9X1XU	PRJNA398089	SRR5950377	PRJNA398089	SRR5950643	human_gut
HSM7J4KK	PRJNA398089	SRR5950378	PRJNA398089	SRR5935848	human_gut
MSM9VZPH	PRJNA398089	SRR5950379	PRJNA398089	SRR5935845	human_gut
CSM7KOTS	PRJNA398089	SRR5950380	PRJNA398089	SRR5950688	human_gut
PSMA265F	PRJNA398089	SRR5950381	PRJNA398089	SRR5946806	human_gut
HSMA33LB	PRJNA398089	SRR5950382	PRJNA398089	SRR5947067	human_gut
MSMA26AX	PRJNA398089	SRR5950383	PRJNA398089	SRR5947066	human_gut
MSM9VZHF	PRJNA398089	SRR5950384	PRJNA398089	SRR5946895	human_gut
PSMA265H	PRJNA398089	SRR5950385	PRJNA398089	SRR5946896	human_gut
HSMA33KU	PRJNA398089	SRR5950386	PRJNA398089	SRR5946900	human_gut
PSMA265B	PRJNA398089	SRR5950387	PRJNA398089	SRR5946901	human_gut
PSMA265T	PRJNA398089	SRR5950388	PRJNA398089	SRR5946897	human_gut
PSMA266M	PRJNA398089	SRR5950389	PRJNA398089	SRR5946899	human_gut
MSM9VZL9	PRJNA398089	SRR5950390	PRJNA398089	SRR5946923	human_gut
PSMA267J	PRJNA398089	SRR5950391	PRJNA398089	SRR5947065	human_gut
MSMA26EJ	PRJNA398089	SRR5950392	PRJNA398089	SRR5947064	human_gut
HSMA33MZ	PRJNA398089	SRR5950393	PRJNA398089	SRR5946963	human_gut
MSM9VZNL	PRJNA398089	SRR5950394	PRJNA398089	SRR5946966	human_gut
PSMA266U	PRJNA398089	SRR5950395	PRJNA398089	SRR5946810	human_gut
PSM7J13E	PRJNA398089	SRR5950396	PRJNA398089	SRR5935824	human_gut
PSM7J141	PRJNA398089	SRR5950397	PRJNA398089	SRR5935823	human_gut
MSM9VZOG	PRJNA398089	SRR5950398	PRJNA398089	SRR5935849	human_gut
MSM9VZF5	PRJNA398089	SRR5950399	PRJNA398089	SRR5935898	human_gut
CSM7KOUN	PRJNA398089	SRR5950400	PRJNA398089	SRR5950694	human_gut
HSM7J4NU	PRJNA398089	SRR5950401	PRJNA398089	SRR5946964	human_gut
HSM7J4KA	PRJNA398089	SRR5950402	PRJNA398089	SRR5935821	human_gut
PSM7J16Y	PRJNA398089	SRR5950403	PRJNA398089	SRR5935820	human_gut
HSMA33JB	PRJNA398089	SRR5950404	PRJNA398089	SRR5946928	human_gut
MSM9VZOS	PRJNA398089	SRR5950405	PRJNA398089	SRR5946927	human_gut
MSMA26EH	PRJNA398089	SRR5950406	PRJNA398089	SRR5946655	human_gut
MSM9VZHN	PRJNA398089	SRR5950407	PRJNA398089	SRR5946670	human_gut
HSMA33MA	PRJNA398089	SRR5950408	PRJNA398089	SRR5946906	human_gut
MSM9VZJ3	PRJNA398089	SRR5950409	PRJNA398089	SRR5946902	human_gut
MSM9VZHX	PRJNA398089	SRR5950410	PRJNA398089	SRR5946672	human_gut
PSMA263W	PRJNA398089	SRR5950411	PRJNA398089	SRR5946673	human_gut
PSMA265J	PRJNA398089	SRR5950412	PRJNA398089	SRR5946610	human_gut
HSMA33OJ	PRJNA398089	SRR5950413	PRJNA398089	SRR5946675	human_gut
HSMA33OV	PRJNA398089	SRR5950414	PRJNA398089	SRR5946739	human_gut
PSMA266Y	PRJNA398089	SRR5950415	PRJNA398089	SRR5946904	human_gut
MSM9VZIQ	PRJNA398089	SRR5950416	PRJNA398089	SRR5946903	human_gut
PSM7J14P	PRJNA398089	SRR5950417	PRJNA398089	SRR5946859	human_gut
HSMA33IE	PRJNA398089	SRR5950418	PRJNA398089	SRR5946860	human_gut
PSM7J154	PRJNA398089	SRR5950419	PRJNA398089	SRR5946861	human_gut
MSM9VZLJ	PRJNA398089	SRR5950420	PRJNA398089	SRR5946971	human_gut
HSMA33NO	PRJNA398089	SRR5950421	PRJNA398089	SRR5946972	human_gut
MSM9VZOY	PRJNA398089	SRR5950422	PRJNA398089	SRR5946968	human_gut
MSM9VZMU	PRJNA398089	SRR5950423	PRJNA398089	SRR5946969	human_gut
PSM7J15Q	PRJNA398089	SRR5950424	PRJNA398089	SRR5946970	human_gut
CSM7KORG	PRJNA398089	SRR5950425	PRJNA398089	SRR5950750	human_gut
MSM7J16J	PRJNA398089	SRR5950426	PRJNA398089	SRR5946965	human_gut
PSM7J15A	PRJNA398089	SRR5950427	PRJNA398089	SRR5935922	human_gut
MSM79H8L	PRJNA398089	SRR5950428	PRJNA398089	SRR5935924	human_gut
MSMB4LZ4	PRJNA398089	SRR5950429	PRJNA398089	SRR5946638	human_gut
CSM7KOTQ	PRJNA398089	SRR5950430	PRJNA398089	SRR5950604	human_gut
PSM7J14X	PRJNA398089	SRR5950431	PRJNA398089	SRR5935771	human_gut
HSM7J4OP	PRJNA398089	SRR5950432	PRJNA398089	SRR5935927	human_gut
HSM7J4NS	PRJNA398089	SRR5950433	PRJNA398089	SRR5935925	human_gut
CSM7KORK	PRJNA398089	SRR5950434	PRJNA398089	SRR5950600	human_gut
MSM9VZFR	PRJNA398089	SRR5950435	PRJNA398089	SRR5935929	human_gut
HSM7J4OE	PRJNA398089	SRR5950436	PRJNA398089	SRR5935928	human_gut
MSM9VZLN	PRJNA398089	SRR5950437	PRJNA398089	SRR5935926	human_gut
CSM9X1ZC	PRJNA398089	SRR5950438	PRJNA398089	SRR5950786	human_gut
MSMA26DO	PRJNA398089	SRR5950439	PRJNA398089	SRR5946955	human_gut
HSMA33MG	PRJNA398089	SRR5950440	PRJNA398089	SRR5946956	human_gut
HSMA33L1	PRJNA398089	SRR5950441	PRJNA398089	SRR5946960	human_gut
MSM9VZIU	PRJNA398089	SRR5950442	PRJNA398089	SRR5946961	human_gut
MSMA26ET	PRJNA398089	SRR5950443	PRJNA398089	SRR5946962	human_gut
HSMA33MS	PRJNA398089	SRR5950444	PRJNA398089	SRR5946959	human_gut
MSM9VZHT	PRJNA398089	SRR5950445	PRJNA398089	SRR5946952	human_gut
PSMA2675	PRJNA398089	SRR5950446	PRJNA398089	SRR5946953	human_gut
HSMA33PL	PRJNA398089	SRR5950447	PRJNA398089	SRR5946721	human_gut
MSM9VZPL	PRJNA398089	SRR5950448	PRJNA398089	SRR5946856	human_gut
CSMAG78W	PRJNA398089	SRR5950449	PRJNA398089	SRR5950490	human_gut
HSM7J4O9	PRJNA398089	SRR5950450	PRJNA398089	SRR5946857	human_gut
PSM7J161	PRJNA398089	SRR5950451	PRJNA398089	SRR5946864	human_gut
HSM7J4OT	PRJNA398089	SRR5950452	PRJNA398089	SRR5946863	human_gut
MSM9VZOK	PRJNA398089	SRR5950453	PRJNA398089	SRR5946866	human_gut
MSM9VZNX	PRJNA398089	SRR5950454	PRJNA398089	SRR5946862	human_gut
CSM7KOTU	PRJNA398089	SRR5950455	PRJNA398089	SRR5950754	human_gut
CSM7KOTK	PRJNA398089	SRR5950456	PRJNA398089	SRR5950760	human_gut
CSM7KOOF	PRJNA398089	SRR5950457	PRJNA398089	SRR5950761	human_gut
MSMA26DI	PRJNA398089	SRR5950458	PRJNA398089	SRR5946958	human_gut
PSMA266Q	PRJNA398089	SRR5950459	PRJNA398089	SRR5946957	human_gut
CSM9X21J	PRJNA398089	SRR5950460	PRJNA398089	SRR5950788	human_gut
MSMA26BB	PRJNA398089	SRR5950461	PRJNA398089	SRR5947072	human_gut
HSMA33NQ	PRJNA398089	SRR5950462	PRJNA398089	SRR5947076	human_gut
MSMA26EL	PRJNA398089	SRR5950463	PRJNA398089	SRR5947073	human_gut
MSMA26AZ	PRJNA398089	SRR5950464	PRJNA398089	SRR5947071	human_gut
HSMA33ME	PRJNA398089	SRR5950465	PRJNA398089	SRR5947068	human_gut
CSM9X21T	PRJNA398089	SRR5950466	PRJNA398089	SRR5950655	human_gut
MSM9VZGY	PRJNA398089	SRR5950467	PRJNA398089	SRR5947069	human_gut
MSM9VZI2	PRJNA398089	SRR5950468	PRJNA398089	SRR5947070	human_gut
CSM9X213	PRJNA398089	SRR5950469	PRJNA398089	SRR5950619	human_gut
MSM9VZLV	PRJNA398089	SRR5950470	PRJNA398089	SRR5947082	human_gut
PSM7J171	PRJNA398089	SRR5963912	PRJNA398089	SRR5946967	human_gut
PSM6XBVI	PRJNA398089	SRR5963913	PRJNA398089	SRR5936034	human_gut
PSM7J12D	PRJNA398089	SRR5963914	PRJNA398089	SRR5936150	human_gut
PSM6XBSO	PRJNA398089	SRR5963915	PRJNA398089	SRR5936032	human_gut
PSM6XBT3	PRJNA398089	SRR5963916	PRJNA398089	SRR5936057	human_gut
PSM6XBSI	PRJNA398089	SRR5963917	PRJNA398089	SRR5936074	human_gut
PSM6XBSM	PRJNA398089	SRR5963918	PRJNA398089	SRR5950713	human_gut
MSM79HDQ_TR	PRJNA398089	SRR5963920	PRJNA398089	SRR5962901	human_gut
MSM79HDG_TR	PRJNA398089	SRR5963921	PRJNA398089	SRR5962900	human_gut
MSM9VZEK_TR	PRJNA398089	SRR5963922	PRJNA398089	SRR5962903	human_gut
MSM9VZMA_TR	PRJNA398089	SRR5963923	PRJNA398089	SRR5962902	human_gut
PSMA265J_TR	PRJNA398089	SRR5963924	PRJNA398089	SRR5962904	human_gut
MSMA26AZ_TR	PRJNA398089	SRR5963925	PRJNA398089	SRR5962908	human_gut
HSMA33LH_TR	PRJNA398089	SRR5963926	PRJNA398089	SRR5962907	human_gut
MSM9VZNH_TR	PRJNA398089	SRR5963927	PRJNA398089	SRR5962906	human_gut
HSMA33RX_TR	PRJNA398089	SRR5963928	PRJNA398089	SRR5962885	human_gut
PSM6XBQY_TR	PRJNA398089	SRR5963929	PRJNA398089	SRR5962895	human_gut
CSM79HLA_TR	PRJNA398089	SRR5963930	PRJNA398089	SRR5962894	human_gut
HSM6XRVC_TR	PRJNA398089	SRR5963931	PRJNA398089	SRR5962893	human_gut
HSM5MD6A_TR	PRJNA398089	SRR5963932	PRJNA398089	SRR5962891	human_gut
PSM6XBRK_TR	PRJNA398089	SRR5963933	PRJNA398089	SRR5962890	human_gut
CSM67UEW_TR	PRJNA398089	SRR5963934	PRJNA398089	SRR5962889	human_gut
HSM67VEM_TR	PRJNA398089	SRR5963935	PRJNA398089	SRR5962892	human_gut
CSM67UDR_TR	PRJNA398089	SRR5963936	PRJNA398089	SRR5962888	human_gut
PSM6XBSU_TR	PRJNA398089	SRR5963937	PRJNA398089	SRR5962897	human_gut
MSM79HF9_TR	PRJNA398089	SRR5963938	PRJNA398089	SRR5962898	human_gut
PSM6XBRK	PRJNA398089	SRR5963939	PRJNA398089	SRR5935960	human_gut
PSM6XBQY	PRJNA398089	SRR5963940	PRJNA398089	SRR5935809	human_gut
MSMA26EP	PRJNA398089	SRR5963941	PRJNA398089	SRR5946720	human_gut
MSM9VZOW	PRJNA398089	SRR5963942	PRJNA398089	SRR5946733	human_gut
PSM6XBQU	PRJNA398089	SRR5963943	PRJNA398089	SRR5936007	human_gut
MSMAPC5Z	PRJNA398089	SRR5963944	PRJNA398089	SRR5946832	human_gut
MSM6J2M3	PRJNA398089	SRR5963945	PRJNA398089	SRR5935963	human_gut
MSM6J2K6	PRJNA398089	SRR5963946	PRJNA398089	SRR5935938	human_gut
MSM6J2Q1	PRJNA398089	SRR5963947	PRJNA398089	SRR5936013	human_gut
MSM6J2PS	PRJNA398089	SRR5963948	PRJNA398089	SRR5936231	human_gut
Amar_Carlsberg-38I-DV129-2-N2	PRJNA632343	SRR11781625	PRJNA632343	SRR11781636	snail_gut_microbiome
Amar_Carlsberg-38I-DV131-6-Intestine	PRJNA632343	SRR11781640	PRJNA632343	SRR11781639	snail_gut_microbiome
Amar_Carlsberg-38I-DV129-15-Intestine	PRJNA632343	SRR11781643	PRJNA632343	SRR11781642	snail_gut_microbiome
Amar_Carlsberg-38I-DV129-5-Intestine	PRJNA632343	SRR11781646	PRJNA632343	SRR11781645	snail_gut_microbiome
BATS_256_C3_1B	PRJNA242360	SRR1230757	PRJNA242360	SRR1230754	ocean
BATS_261_C2_B2	PRJNA242360	SRR1230758	PRJNA242360	SRR1230755	ocean
BATS_261_C8_F2	PRJNA242360	SRR1230759	PRJNA242360	SRR1230756	ocean
BATS_256_C10_5A	PRJNA242360	SRR1238005	PRJNA242360	SRR1230729	ocean
ES_08072017_CAT2012July	PRJEB12234	ERR2088997	PRJEB12234	ERR2094669	ocean
ES_08072017_CAT2012October	PRJEB12234	ERR2088998	PRJEB12234	ERR2094670	ocean
ES_08072017_CAT2013January	PRJEB12234	ERR2088999	PRJEB12234	ERR2094671	ocean
ES_08072017_CAT2013April	PRJEB12234	ERR2089000	PRJEB12234	ERR2094672	ocean
ES_08072017_POLA2012July	PRJEB12234	ERR2089001	PRJEB12234	ERR2094673	ocean
ES_08072017_POLA2012October	PRJEB12234	ERR2089002	PRJEB12234	ERR2094674	ocean
ES_08072017_POLA2013January	PRJEB12234	ERR2089003	PRJEB12234	ERR2094675	ocean
ES_08072017_POLA2013April	PRJEB12234	ERR2089004	PRJEB12234	ERR2094676	ocean
ES_08072017_SPOT2012July	PRJEB12234	ERR2089005	PRJEB12234	ERR2094677	ocean
ES_08072017_SPOT2012October	PRJEB12234	ERR2089006	PRJEB12234	ERR2094678	ocean
ES_08072017_SPOT2013January	PRJEB12234	ERR2089007	PRJEB12234	ERR2094679	ocean
ES_08072017_SPOT2013April	PRJEB12234	ERR2089008	PRJEB12234	ERR2094680	ocean
ES_08072017_neg_reads	PRJEB12234	ERR2089009	PRJEB12234	ERR2097133	ocean
E2A	PRJNA340003	SRR4342131	PRJNA340003	SRR4342135	ocean
E4	PRJNA340003	SRR4342132	PRJNA340003	SRR4342136	ocean
D1	PRJNA340003	SRR4342137	PRJNA340003	SRR4342129	ocean
D2	PRJNA340003	SRR4342138	PRJNA340003	SRR4342130	ocean
D3	PRJNA340003	SRR4342139	PRJNA340003	SRR4342133	ocean
E2	PRJNA340003	SRR4342140	PRJNA340003	SRR4342134	ocean
